"Date","Dernier","Ouv."," Plus Haut","Plus Bas","Vol.","Variation %"
"15/05/2025","1.223,00","1.223,00","1.223,00","1.223,00","0,00K","3,38%"
"14/05/2025","1.183,00","1.183,00","1.183,00","1.183,00","0,01K","-3,27%"
"28/04/2025","1.223,00","1.223,00","1.223,00","1.223,00","0,01K","0,00%"
"21/04/2025","1.223,00","1.223,00","1.223,00","1.223,00","0,02K","5,89%"
"18/04/2025","1.155,00","1.155,00","1.155,00","1.155,00","0,00K","-5,56%"
"15/04/2025","1.223,00","1.223,00","1.223,00","1.223,00","0,00K","0,41%"
"11/04/2025","1.218,00","1.218,00","1.218,00","1.218,00","0,00K","5,82%"
"08/04/2025","1.151,00","1.151,00","1.151,00","1.151,00","0,00K","-5,89%"
"03/04/2025","1.223,00","1.223,00","1.223,00","1.223,00","0,01K","0,00%"
"02/04/2025","1.223,00","1.223,00","1.223,00","1.223,00","0,00K","-2,16%"
"28/03/2025","1.250,00","1.250,00","1.250,00","1.250,00","0,00K","0,00%"
"26/03/2025","1.250,00","1.250,00","1.250,00","1.250,00","0,00K","0,00%"
"20/03/2025","1.250,00","1.250,00","1.250,00","1.250,00","0,00K","0,00%"
"19/03/2025","1.250,00","1.250,00","1.250,00","1.250,00","0,02K","2,21%"
"14/03/2025","1.223,00","1.223,00","1.223,00","1.223,00","0,11K","0,00%"
"13/03/2025","1.223,00","1.223,00","1.223,00","1.223,00","0,08K","0,00%"
"07/03/2025","1.223,00","1.223,00","1.223,00","1.223,00","0,01K","-5,63%"
"05/03/2025","1.296,00","1.296,00","1.296,00","1.296,00","0,00K","5,97%"
"04/03/2025","1.223,00","1.223,00","1.223,00","1.223,00","0,03K","0,00%"
"27/02/2025","1.223,00","1.223,00","1.223,00","1.223,00","0,00K","-5,56%"
"26/02/2025","1.295,00","1.295,00","1.295,00","1.295,00","0,03K","5,97%"
"24/02/2025","1.222,00","1.222,00","1.222,00","1.222,00","","0,00%"
"30/01/2025","1.222,00","1.222,00","1.222,00","1.222,00","0,00K","-5,93%"
"22/01/2025","1.299,00","1.299,00","1.299,00","1.299,00","0,00K","0,00%"
"09/01/2025","1.299,00","1.299,00","1.299,00","1.299,00","0,01K","-5,94%"
"08/01/2025","1.381,00","1.381,00","1.381,00","1.381,00","0,03K","5,82%"
"07/01/2025","1.305,00","1.305,00","1.305,00","1.305,00","0,00K","5,84%"
"24/12/2024","1.233,00","1.233,00","1.233,00","1.233,00","0,02K","-5,15%"
"03/12/2024","1.300,00","1.300,00","1.300,00","1.300,00","0,00K","-1,14%"
"25/10/2024","1.315,00","1.315,00","1.315,00","1.315,00","0,00K","0,00%"
"01/10/2024","1.315,00","1.315,00","1.315,00","1.315,00","0,00K","0,00%"
"30/09/2024","1.315,00","1.315,00","1.315,00","1.315,00","0,00K","-0,53%"
"27/09/2024","1.322,00","1.322,00","1.322,00","1.322,00","0,01K","0,00%"
"25/09/2024","1.322,00","1.322,00","1.322,00","1.322,00","0,00K","0,00%"
"23/09/2024","1.322,00","1.322,00","1.322,00","1.322,00","0,01K","0,53%"
"13/09/2024","1.315,00","1.315,00","1.315,00","1.315,00","0,01K","-0,53%"
"03/09/2024","1.322,00","1.322,00","1.322,00","1.322,00","0,01K","0,53%"
"29/08/2024","1.315,00","1.315,00","1.315,00","1.315,00","0,00K","-0,53%"
"27/08/2024","1.322,00","1.322,00","1.322,00","1.322,00","0,05K","0,08%"
"23/08/2024","1.321,00","1.321,00","1.321,00","1.321,00","0,00K","-5,64%"
"01/08/2024","1.400,00","1.400,00","1.400,00","1.400,00","0,00K","3,70%"
"31/07/2024","1.350,00","1.350,00","1.350,00","1.350,00","0,00K","-3,57%"
"29/07/2024","1.400,00","1.400,00","1.400,00","1.400,00","0,01K","3,02%"
"02/07/2024","1.359,00","1.359,00","1.359,00","1.359,00","0,00K","2,18%"
"01/07/2024","1.330,00","1.330,00","1.330,00","1.330,00","0,00K","-0,45%"
"28/06/2024","1.336,00","1.336,00","1.336,00","1.336,00","0,00K","4,13%"
"11/06/2024","1.283,00","1.283,00","1.283,00","1.283,00","0,02K","-5,59%"
"10/06/2024","1.359,00","1.359,00","1.359,00","1.359,00","0,00K","3,74%"
"05/06/2024","1.310,00","1.310,00","1.310,00","1.310,00","0,00K","-3,89%"
"04/06/2024","1.363,00","1.363,00","1.363,00","1.363,00","0,00K","5,99%"
"31/05/2024","1.286,00","1.286,00","1.286,00","1.286,00","0,01K","0,31%"
"10/05/2024","1.282,00","1.282,00","1.282,00","1.282,00","0,00K","-5,94%"
"07/05/2024","1.363,00","1.363,00","1.363,00","1.363,00","0,00K","-5,94%"
"24/04/2024","1.449,00","1.449,00","1.449,00","1.449,00","33,35K","2,40%"
"23/04/2024","1.415,00","1.415,00","1.415,00","1.415,00","0,00K","0,00%"
"22/04/2024","1.415,00","1.415,00","1.415,00","1.415,00","0,00K","5,99%"
"20/03/2024","1.335,00","1.335,00","1.335,00","1.335,00","0,00K","-5,99%"
"06/03/2024","1.420,00","1.420,00","1.420,00","1.420,00","0,00K","0,00%"
"05/03/2024","1.420,00","1.420,00","1.420,00","1.420,00","0,00K","0,35%"
"28/02/2024","1.415,00","1.415,00","1.415,00","1.415,00","0,00K","5,99%"
"26/02/2024","1.335,00","1.335,00","1.335,00","1.335,00","0,00K","-5,99%"
"06/02/2024","1.420,00","1.420,00","1.420,00","1.420,00","0,05K","-0,35%"
"05/02/2024","1.425,00","1.425,00","1.425,00","1.425,00","0,01K","1,79%"
"26/01/2024","1.400,00","1.400,00","1.400,00","1.400,00","1,00K","4,48%"
"24/01/2024","1.340,00","1.340,00","1.340,00","1.340,00","0,00K","-5,96%"
"19/01/2024","1.425,00","1.425,00","1.425,00","1.425,00","0,00K","0,21%"
"18/01/2024","1.422,00","1.422,00","1.422,00","1.422,00","0,00K","5,57%"
"17/01/2024","1.347,00","1.347,00","1.347,00","1.347,00","0,00K","5,98%"
"16/01/2024","1.271,00","1.271,00","1.271,00","1.271,00","0,05K","-5,85%"
"08/01/2024","1.350,00","1.350,00","1.350,00","1.350,00","0,00K","0,07%"
"28/12/2023","1.349,00","1.349,00","1.349,00","1.349,00","0,15K","0,00%"
"27/12/2023","1.349,00","1.349,00","1.349,00","1.349,00","0,20K","0,45%"
"26/12/2023","1.343,00","1.343,00","1.343,00","1.343,00","0,15K","5,66%"
"25/12/2023","1.271,00","1.271,00","1.271,00","1.271,00","0,51K","3,00%"
"21/12/2023","1.234,00","1.234,00","1.234,00","1.234,00","0,02K","-2,99%"
"16/11/2023","1.272,00","1.272,00","1.272,00","1.272,00","0,01K","-5,92%"
"02/10/2023","1.352,00","1.352,00","1.352,00","1.352,00","0,01K","0,00%"
"14/09/2023","1.352,00","1.352,00","1.352,00","1.352,00","0,00K","-3,98%"
"07/09/2023","1.408,00","1.408,00","1.408,00","1.408,00","0,00K","-3,96%"
"01/09/2023","1.466,00","1.466,00","1.466,00","1.466,00","0,00K","-3,99%"
"21/07/2023","1.527,00","1.527,00","1.527,00","1.527,00","0,00K","-3,96%"
"23/06/2023","1.590,00","1.590,00","1.590,00","1.590,00","0,10K","3,92%"
"20/06/2023","1.530,00","1.530,00","1.530,00","1.530,00","0,01K","2,00%"
"16/06/2023","1.500,00","1.500,00","1.500,00","1.500,00","0,10K","3,81%"
"15/06/2023","1.445,00","1.445,00","1.445,00","1.445,00","0,03K","2,99%"
"14/06/2023","1.403,00","1.403,00","1.403,00","1.403,00","0,27K","3,93%"
"13/06/2023","1.350,00","1.350,00","1.350,00","1.350,00","0,18K","3,85%"
"08/06/2023","1.300,00","1.300,00","1.300,00","1.300,00","0,00K","0,00%"
"07/06/2023","1.300,00","1.300,00","1.300,00","1.300,00","0,00K","-1,66%"
"31/03/2023","1.322,00","1.322,00","1.322,00","1.322,00","0,01K","-3,92%"
"14/02/2023","1.376,00","1.376,00","1.376,00","1.376,00","0,03K","-3,98%"
"01/02/2023","1.433,00","1.433,00","1.433,00","1.433,00","0,01K","-3,95%"
"17/01/2023","1.492,00","1.492,00","1.492,00","1.492,00","0,10K","-3,99%"
"30/12/2022","1.554,00","1.554,00","1.554,00","1.554,00","0,50K","3,95%"
"29/12/2022","1.495,00","1.495,00","1.495,00","1.495,00","0,14K","1,70%"
"28/12/2022","1.470,00","1.470,00","1.470,00","1.470,00","0,10K","3,96%"
"27/12/2022","1.414,00","1.414,00","1.414,00","1.414,00","0,01K","3,97%"
"23/12/2022","1.360,00","1.360,00","1.360,00","1.360,00","0,24K","3,98%"
"22/12/2022","1.308,00","1.308,00","1.308,00","1.308,00","0,18K","3,97%"
"21/12/2022","1.258,00","1.258,00","1.258,00","1.258,00","1,28K","3,97%"
"02/12/2022","1.210,00","1.210,00","1.210,00","1.210,00","0,00K","0,67%"
"25/11/2022","1.202,00","1.202,00","1.202,00","1.202,00","0,01K","-3,84%"
"09/11/2022","1.250,00","1.250,00","1.250,00","1.250,00","0,57K","0,00%"
"29/09/2022","1.250,00","1.250,00","1.250,00","1.250,00","0,00K","-3,85%"
"27/09/2022","1.300,00","1.300,00","1.300,00","1.300,00","0,03K","-3,77%"
"21/09/2022","1.351,00","1.351,00","1.351,00","1.351,00","0,00K","-3,57%"
"20/09/2022","1.401,00","1.401,00","1.401,00","1.401,00","0,00K","-3,98%"
"13/09/2022","1.459,00","1.459,00","1.459,00","1.459,00","0,05K","-0,07%"
"15/08/2022","1.460,00","1.460,00","1.460,00","1.460,00","0,00K","-0,68%"
"09/06/2022","1.470,00","1.470,00","1.470,00","1.470,00","0,03K","2,51%"
"19/05/2022","1.434,00","1.434,00","1.434,00","1.434,00","0,00K","-3,95%"
"21/04/2022","1.493,00","1.493,00","1.493,00","1.493,00","0,00K","0,88%"
"14/04/2022","1.480,00","1.480,00","1.480,00","1.480,00","0,01K","-1,00%"
"24/02/2022","1.495,00","1.495,00","1.495,00","1.495,00","0,01K","2,75%"
"23/02/2022","1.455,00","1.455,00","1.455,00","1.455,00","0,01K","3,93%"
"22/02/2022","1.400,00","1.400,00","1.400,00","1.400,00","0,01K","2,64%"
"21/02/2022","1.364,00","1.364,00","1.364,00","1.364,00","0,00K","1,64%"
"18/02/2022","1.342,00","1.342,00","1.342,00","1.342,00","0,00K","3,95%"
"15/02/2022","1.291,00","1.291,00","1.291,00","1.291,00","0,00K","3,78%"
"11/02/2022","1.244,00","1.244,00","1.244,00","1.244,00","0,00K","3,93%"
"10/02/2022","1.197,00","1.197,00","1.197,00","1.197,00","0,00K","3,46%"
"04/02/2022","1.157,00","1.157,00","1.157,00","1.157,00","0,00K","3,95%"
"02/02/2022","1.113,00","1.113,00","1.113,00","1.113,00","0,00K","3,92%"
"28/01/2022","1.071,00","1.071,00","1.071,00","1.071,00","0,00K","-0,09%"
"27/01/2022","1.072,00","1.072,00","1.072,00","1.072,00","0,02K","0,19%"
"25/01/2022","1.070,00","1.070,00","1.070,00","1.070,00","0,01K","-2,73%"
"19/01/2022","1.100,00","1.100,00","1.100,00","1.100,00","0,01K","2,80%"
"05/01/2022","1.070,00","1.070,00","1.070,00","1.070,00","0,00K","1,71%"
"03/01/2022","1.052,00","1.052,00","1.052,00","1.052,00","0,00K","0,19%"
"30/12/2021","1.050,00","1.050,00","1.050,00","1.050,00","0,01K","-1,59%"
"30/11/2021","1.067,00","1.067,00","1.067,00","1.067,00","0,00K","-0,09%"
"29/11/2021","1.068,00","1.068,00","1.068,00","1.068,00","0,01K","-3,78%"
"04/11/2021","1.110,00","1.110,00","1.110,00","1.110,00","0,02K","0,00%"
"03/11/2021","1.110,00","1.110,00","1.110,00","1.110,00","0,00K","-3,90%"
"07/09/2021","1.155,00","1.155,00","1.155,00","1.155,00","0,00K","0,52%"
"06/09/2021","1.149,00","1.149,00","1.149,00","1.149,00","0,01K","1,86%"
"30/08/2021","1.128,00","1.128,00","1.128,00","1.128,00","0,00K","-1,91%"
"27/08/2021","1.150,00","1.150,00","1.150,00","1.150,00","0,01K","0,00%"
"25/08/2021","1.150,00","1.150,00","1.150,00","1.150,00","0,00K","-1,88%"
"06/08/2021","1.172,00","1.172,00","1.172,00","1.172,00","0,00K","1,91%"
"23/07/2021","1.150,00","1.150,00","1.150,00","1.150,00","0,00K","0,00%"
"19/07/2021","1.150,00","1.150,00","1.150,00","1.150,00","0,01K","-0,09%"
"13/07/2021","1.151,00","1.151,00","1.151,00","1.151,00","0,01K","0,09%"
"29/06/2021","1.150,00","1.150,00","1.150,00","1.150,00","0,05K","0,00%"
"28/06/2021","1.150,00","1.150,00","1.150,00","1.150,00","0,12K","-0,09%"
"18/06/2021","1.151,00","1.151,00","1.151,00","1.151,00","0,00K","-1,54%"
"11/06/2021","1.169,00","1.169,00","1.169,00","1.169,00","0,00K","1,21%"
"09/06/2021","1.155,00","1.155,00","1.155,00","1.155,00","0,01K","-1,87%"
"07/06/2021","1.177,00","1.177,00","1.177,00","1.177,00","0,01K","1,47%"
"31/05/2021","1.160,00","1.160,00","1.160,00","1.160,00","0,01K","-1,02%"
"27/05/2021","1.172,00","1.172,00","1.172,00","1.172,00","0,01K","1,91%"
"26/05/2021","1.150,00","1.150,00","1.150,00","1.150,00","0,31K","1,50%"
"25/05/2021","1.133,00","1.133,00","1.133,00","1.133,00","0,02K","1,98%"
"24/05/2021","1.111,00","1.111,00","1.111,00","1.111,00","0,01K","1,93%"
"19/05/2021","1.090,00","1.090,00","1.090,00","1.090,00","0,60K","1,87%"
"29/04/2021","1.070,00","1.070,00","1.070,00","1.070,00","2,50K","1,90%"
"28/04/2021","1.050,00","1.050,00","1.050,00","1.050,00","0,01K","0,00%"
"27/04/2021","1.050,00","1.050,00","1.050,00","1.050,00","0,02K","1,94%"
"26/04/2021","1.030,00","1.030,00","1.030,00","1.030,00","0,04K","-0,39%"
"23/04/2021","1.034,00","1.034,00","1.034,00","1.034,00","0,01K","-1,99%"
"21/04/2021","1.055,00","1.055,00","1.055,00","1.055,00","0,01K","-1,95%"
"20/04/2021","1.076,00","1.076,00","1.076,00","1.076,00","1,00K","1,99%"
"13/04/2021","1.055,00","1.055,00","1.055,00","1.055,00","0,00K","-1,77%"
"12/04/2021","1.074,00","1.074,00","1.074,00","1.074,00","0,00K","0,00%"
"07/04/2021","1.074,00","1.074,00","1.074,00","1.074,00","2,00K","1,99%"
"29/03/2021","1.053,00","1.053,00","1.053,00","1.053,00","0,01K","0,10%"
"05/03/2021","1.052,00","1.052,00","1.052,00","1.052,00","0,00K","0,19%"
"19/02/2021","1.050,00","1.050,00","1.050,00","1.050,00","0,03K","-0,28%"
"10/02/2021","1.053,00","1.053,00","1.053,00","1.053,00","0,02K","-1,22%"
"09/02/2021","1.066,00","1.066,00","1.066,00","1.066,00","0,05K","-1,93%"
"08/02/2021","1.087,00","1.087,00","1.087,00","1.087,00","0,08K","-1,98%"
"05/02/2021","1.109,00","1.109,00","1.109,00","1.109,00","0,03K","-1,95%"
"04/02/2021","1.131,00","1.131,00","1.131,00","1.131,00","0,03K","-1,99%"
"03/02/2021","1.154,00","1.154,00","1.154,00","1.154,00","0,00K","-1,95%"
"27/01/2021","1.177,00","1.177,00","1.177,00","1.177,00","1,60K","-1,92%"
"26/01/2021","1.200,00","1.200,00","1.200,00","1.200,00","2,50K","0,00%"
"21/01/2021","1.200,00","1.200,00","1.200,00","1.200,00","0,00K","-1,56%"
"08/01/2021","1.219,00","1.219,00","1.219,00","1.219,00","0,01K","0,00%"
"22/12/2020","1.219,00","1.219,00","1.219,00","1.219,00","0,00K","-1,85%"
"18/12/2020","1.242,00","1.242,00","1.242,00","1.242,00","0,00K","-1,90%"
"17/12/2020","1.266,00","1.266,00","1.266,00","1.266,00","0,00K","-1,86%"
"16/12/2020","1.290,00","1.290,00","1.290,00","1.290,00","0,01K","-0,54%"
"01/10/2020","1.297,00","1.297,00","1.297,00","1.297,00","0,01K","1,65%"
"28/07/2020","1.276,00","1.276,00","1.276,00","1.276,00","0,00K","-1,85%"
"03/07/2020","1.300,00","1.300,00","1.300,00","1.300,00","0,01K","1,88%"
"23/06/2020","1.276,00","1.276,00","1.276,00","1.276,00","0,00K","2,00%"
"17/06/2020","1.251,00","1.251,00","1.251,00","1.251,00","0,00K","-0,64%"
"09/06/2020","1.259,00","1.259,00","1.259,00","1.259,00","0,01K","-1,87%"
"05/06/2020","1.283,00","1.283,00","1.283,00","1.283,00","0,01K","0,00%"
"04/06/2020","1.283,00","1.283,00","1.283,00","1.283,00","0,00K","-1,91%"
"01/06/2020","1.308,00","1.308,00","1.308,00","1.308,00","0,01K","0,00%"
"28/05/2020","1.308,00","1.308,00","1.308,00","1.308,00","0,00K","-1,95%"
"29/04/2020","1.334,00","1.334,00","1.334,00","1.334,00","0,01K","0,00%"
"27/04/2020","1.334,00","1.334,00","1.334,00","1.334,00","0,00K","0,00%"
"15/04/2020","1.334,00","1.334,00","1.334,00","1.334,00","0,00K","1,91%"
"24/03/2020","1.309,00","1.309,00","1.309,00","1.309,00","0,00K","0,00%"
"20/03/2020","1.309,00","1.309,00","1.309,00","1.309,00","0,00K","-1,95%"
"19/03/2020","1.335,00","1.335,00","1.335,00","1.335,00","0,00K","-1,84%"
"13/03/2020","1.360,00","1.360,00","1.360,00","1.360,00","0,00K","-5,88%"
"12/03/2020","1.445,00","1.445,00","1.445,00","1.445,00","0,00K","-1,03%"
"04/03/2020","1.460,00","1.460,00","1.460,00","1.460,00","0,00K","5,87%"
"26/02/2020","1.379,00","1.379,00","1.379,00","1.379,00","0,01K","6,00%"
"25/02/2020","1.301,00","1.301,00","1.301,00","1.301,00","0,00K","-0,69%"
"24/02/2020","1.310,00","1.310,00","1.310,00","1.310,00","0,05K","-5,89%"
"20/02/2020","1.392,00","1.392,00","1.392,00","1.392,00","0,00K","-5,95%"
"24/01/2020","1.480,00","1.480,00","1.480,00","1.480,00","0,00K","0,00%"
"23/01/2020","1.480,00","1.480,00","1.480,00","1.480,00","0,01K","-0,07%"
"13/11/2019","1.481,00","1.481,00","1.481,00","1.481,00","5,00K","0,00%"
"01/11/2019","1.481,00","1.481,00","1.481,00","1.481,00","0,01K","5,86%"
"23/10/2019","1.399,00","1.399,00","1.399,00","1.399,00","0,00K","5,98%"
"03/10/2019","1.320,00","1.320,00","1.320,00","1.320,00","0,00K","-2,22%"
"27/09/2019","1.350,00","1.350,00","1.350,00","1.350,00","0,60K","-2,88%"
"27/08/2019","1.390,00","1.390,00","1.390,00","1.390,00","0,02K","-3,14%"
"23/08/2019","1.435,00","1.435,00","1.435,00","1.435,00","0,00K","0,00%"
"16/08/2019","1.435,00","1.435,00","1.435,00","1.435,00","0,00K","0,00%"
"15/08/2019","1.435,00","1.435,00","1.435,00","1.435,00","0,00K","0,00%"
"01/07/2019","1.435,00","1.435,00","1.435,00","1.435,00","0,03K","1,63%"
"27/06/2019","1.412,00","1.412,00","1.412,00","1.412,00","0,00K","0,00%"
"26/06/2019","1.412,00","1.412,00","1.412,00","1.412,00","0,00K","-5,99%"
"19/06/2019","1.502,00","1.502,00","1.502,00","1.502,00","117,60K","0,13%"
"12/06/2019","1.500,00","1.500,00","1.500,00","1.500,00","0,00K","0,00%"
"11/06/2019","1.500,00","1.500,00","1.500,00","1.500,00","4,80K","3,45%"
"12/04/2019","1.450,00","1.450,00","1.450,00","1.450,00","0,00K","-5,54%"
"01/03/2019","1.535,00","1.535,00","1.535,00","1.535,00","0,00K","5,94%"
"31/01/2019","1.449,00","1.449,00","1.449,00","1.449,00","0,00K","-5,91%"
"28/01/2019","1.540,00","1.540,00","1.540,00","1.540,00","0,01K","5,99%"
"18/01/2019","1.453,00","1.453,00","1.453,00","1.453,00","0,11K","0,21%"
"02/01/2019","1.450,00","1.450,00","1.450,00","1.450,00","0,00K","1,33%"
"19/12/2018","1.431,00","1.431,00","1.431,00","1.431,00","0,00K","0,07%"
"11/12/2018","1.430,00","1.430,00","1.430,00","1.430,00","0,01K","-0,90%"
"07/12/2018","1.443,00","1.443,00","1.443,00","1.443,00","0,05K","5,95%"
"03/12/2018","1.362,00","1.362,00","1.362,00","1.362,00","0,00K","-5,42%"
"23/11/2018","1.440,00","1.440,00","1.440,00","1.440,00","0,01K","0,00%"
"16/11/2018","1.440,00","1.440,00","1.440,00","1.440,00","0,00K","5,88%"
"09/11/2018","1.360,00","1.360,00","1.360,00","1.360,00","0,09K","0,00%"
"08/11/2018","1.360,00","1.360,00","1.360,00","1.360,00","0,01K","0,52%"
"07/11/2018","1.353,00","1.353,00","1.353,00","1.353,00","0,00K","5,95%"
"05/11/2018","1.277,00","1.277,00","1.277,00","1.277,00","0,00K","5,98%"
"05/10/2018","1.205,00","1.205,00","1.205,00","1.205,00","0,01K","-0,50%"
"02/10/2018","1.211,00","1.211,00","1.211,00","1.211,00","0,03K","0,67%"
"26/09/2018","1.203,00","1.203,00","1.203,00","1.203,00","0,01K","0,25%"
"21/09/2018","1.200,00","1.200,00","1.200,00","1.200,00","0,04K","-1,96%"
"10/09/2018","1.224,00","1.224,00","1.224,00","1.224,00","0,02K","-5,85%"
"04/09/2018","1.300,00","1.300,00","1.300,00","1.300,00","0,27K","0,00%"
"03/09/2018","1.300,00","1.300,00","1.300,00","1.300,00","2,74K","0,00%"
"31/08/2018","1.300,00","1.300,00","1.300,00","1.300,00","0,00K","4,00%"
"28/08/2018","1.250,00","1.250,00","1.250,00","1.250,00","0,20K","-3,85%"
"10/08/2018","1.300,00","1.300,00","1.300,00","1.300,00","0,00K","4,00%"
"09/08/2018","1.250,00","1.250,00","1.250,00","1.250,00","0,01K","4,08%"
"08/08/2018","1.201,00","1.201,00","1.201,00","1.201,00","0,05K","-4,68%"
"01/08/2018","1.260,00","1.260,00","1.260,00","1.260,00","0,02K","0,00%"
"23/07/2018","1.260,00","1.260,00","1.260,00","1.260,00","0,04K","-5,26%"
"09/07/2018","1.330,00","1.330,00","1.330,00","1.330,00","0,04K","0,00%"
"29/06/2018","1.330,00","1.330,00","1.330,00","1.330,00","0,01K","-1,41%"
"28/06/2018","1.349,00","1.349,00","1.349,00","1.349,00","0,09K","-3,64%"
"14/06/2018","1.400,00","1.400,00","1.400,00","1.400,00","4,47K","-3,58%"
"12/06/2018","1.452,00","1.452,00","1.452,00","1.452,00","0,10K","-5,78%"
"11/06/2018","1.541,00","1.541,00","1.541,00","1.541,00","0,01K","-5,98%"
"08/06/2018","1.639,00","1.639,00","1.639,00","1.639,00","0,00K","5,67%"
"04/06/2018","1.551,00","1.551,00","1.551,00","1.551,00","0,00K","-5,48%"
"01/06/2018","1.641,00","1.641,00","1.641,00","1.641,00","0,00K","-8,83%"
"25/05/2018","1.800,00","1.800,00","1.800,00","1.800,00","0,02K","5,70%"
"18/05/2018","1.703,00","1.703,00","1.703,00","1.703,00","0,00K","-5,39%"
"16/05/2018","1.800,00","1.800,00","1.800,00","1.800,00","1,50K","0,00%"
"15/05/2018","1.800,00","1.800,00","1.800,00","1.800,00","4,00K","-2,91%"
"11/05/2018","1.854,00","1.854,00","1.854,00","1.854,00","0,01K","0,00%"
"08/05/2018","1.854,00","1.854,00","1.854,00","1.854,00","0,01K","5,94%"
"07/05/2018","1.750,00","1.750,00","1.750,00","1.750,00","0,00K","-2,78%"
"26/04/2018","1.800,00","1.800,00","1.800,00","1.800,00","0,01K","0,00%"
"24/04/2018","1.800,00","1.800,00","1.800,00","1.800,00","0,00K","5,88%"
"20/04/2018","1.700,00","1.700,00","1.700,00","1.700,00","0,07K","-5,08%"
"02/04/2018","1.791,00","1.791,00","1.791,00","1.791,00","0,27K","0,06%"
"22/03/2018","1.790,00","1.790,00","1.790,00","1.790,00","0,22K","-0,17%"
"19/03/2018","1.793,00","1.793,00","1.793,00","1.793,00","0,02K","-3,39%"
"15/03/2018","1.856,00","1.856,00","1.856,00","1.856,00","0,08K","-5,98%"
"14/03/2018","1.974,00","1.974,00","1.974,00","1.974,00","0,00K","4,83%"
"13/03/2018","1.883,00","1.883,00","1.883,00","1.883,00","0,01K","5,97%"
"06/03/2018","1.777,00","1.777,00","1.777,00","1.777,00","0,00K","0,00%"
"02/02/2018","1.777,00","1.777,00","1.777,00","1.777,00","0,06K","-5,98%"
"24/01/2018","1.890,00","1.890,00","1.890,00","1.890,00","0,00K","-0,53%"
"23/01/2018","1.900,00","1.900,00","1.900,00","1.900,00","0,00K","0,53%"
"19/01/2018","1.890,00","1.890,00","1.890,00","1.890,00","0,20K","5,41%"
"04/01/2018","1.793,00","1.793,00","1.793,00","1.793,00","0,01K","5,97%"
"21/11/2017","1.692,00","1.692,00","1.692,00","1.692,00","0,02K","0,00%"
"20/11/2017","1.692,00","1.692,00","1.692,00","1.692,00","0,02K","-5,95%"
"17/11/2017","1.799,00","1.799,00","1.799,00","1.799,00","0,00K","0,00%"
"10/11/2017","1.799,00","1.799,00","1.799,00","1.799,00","0,01K","4,53%"
"08/11/2017","1.721,00","1.721,00","1.721,00","1.721,00","0,01K","-4,39%"
"07/11/2017","1.800,00","1.800,00","1.800,00","1.800,00","0,00K","-5,76%"
"27/10/2017","1.910,00","1.910,00","1.910,00","1.910,00","0,01K","4,95%"
"20/10/2017","1.820,00","1.820,00","1.820,00","1.820,00","0,01K","5,51%"
"13/10/2017","1.725,00","1.725,00","1.725,00","1.725,00","0,02K","0,00%"
"06/10/2017","1.725,00","1.725,00","1.725,00","1.725,00","0,00K","-4,64%"
"18/09/2017","1.809,00","1.809,00","1.809,00","1.809,00","0,00K","5,98%"
"15/09/2017","1.707,00","1.707,00","1.707,00","1.707,00","0,02K","-0,06%"
"11/09/2017","1.708,00","1.708,00","1.708,00","1.708,00","0,03K","0,06%"
"25/08/2017","1.707,00","1.707,00","1.707,00","1.707,00","0,02K","-5,17%"
"18/08/2017","1.800,00","1.800,00","1.800,00","1.800,00","0,00K","5,82%"
"07/08/2017","1.701,00","1.701,00","1.701,00","1.701,00","0,00K","-3,08%"
"28/07/2017","1.755,00","1.755,00","1.755,00","1.755,00","0,00K","-4,62%"
"21/07/2017","1.840,00","1.840,00","1.840,00","1.840,00","0,02K","0,00%"
"19/07/2017","1.840,00","1.840,00","1.840,00","1.840,00","0,28K","0,00%"
"07/07/2017","1.840,00","1.840,00","1.840,00","1.840,00","0,00K","5,14%"
"05/07/2017","1.750,00","1.750,00","1.750,00","1.750,00","0,02K","-0,06%"
"04/07/2017","1.751,00","1.751,00","1.751,00","1.751,00","0,25K","0,34%"
"30/06/2017","1.745,00","1.745,00","1.745,00","1.745,00","0,00K","5,63%"
"29/06/2017","1.652,00","1.652,00","1.652,00","1.652,00","7,12K","0,06%"
"06/06/2017","1.651,00","1.651,00","1.651,00","1.651,00","0,03K","0,06%"
"29/05/2017","1.650,00","1.650,00","1.650,00","1.650,00","0,09K","-7,77%"
"25/05/2017","1.789,00","1.789,00","1.789,00","1.789,00","0,00K","0,00%"
"24/05/2017","1.789,00","1.789,00","1.789,00","1.789,00","0,00K","4,80%"
"19/05/2017","1.707,00","1.707,00","1.707,00","1.707,00","0,03K","0,00%"
"16/05/2017","1.707,00","1.707,00","1.707,00","1.707,00","0,00K","-5,06%"
"28/04/2017","1.798,00","1.798,00","1.798,00","1.798,00","0,00K","5,76%"
"27/04/2017","1.700,00","1.700,00","1.700,00","1.700,00","1,00K","0,18%"
"24/04/2017","1.697,00","1.697,00","1.697,00","1.697,00","0,00K","6,00%"
"20/04/2017","1.601,00","1.601,00","1.601,00","1.601,00","0,01K","0,38%"
"07/04/2017","1.595,00","1.595,00","1.595,00","1.595,00","0,00K","5,98%"
"30/03/2017","1.505,00","1.505,00","1.505,00","1.505,00","0,01K","-3,09%"
"28/03/2017","1.553,00","1.553,00","1.553,00","1.553,00","1,00K","-2,94%"
"27/03/2017","1.600,00","1.600,00","1.600,00","1.600,00","1,30K","4,64%"
"15/03/2017","1.529,00","1.529,00","1.529,00","1.529,00","0,09K","1,59%"
"10/03/2017","1.505,00","1.505,00","1.505,00","1.505,00","8,01K","0,00%"
"03/03/2017","1.505,00","1.505,00","1.505,00","1.505,00","0,00K","5,99%"
"07/02/2017","1.420,00","1.420,00","1.420,00","1.420,00","0,13K","-5,33%"
"27/01/2017","1.500,00","1.500,00","1.500,00","1.500,00","0,00K","5,63%"
"13/01/2017","1.420,00","1.420,00","1.420,00","1.420,00","0,03K","-5,40%"
"10/01/2017","1.501,00","1.501,00","1.501,00","1.501,00","3,13K","0,07%"
"09/01/2017","1.500,00","1.500,00","1.500,00","1.500,00","0,01K","0,00%"
"04/01/2017","1.500,00","1.500,00","1.500,00","1.500,00","5,00K","-1,96%"
"03/01/2017","1.530,00","1.530,00","1.530,00","1.530,00","0,12K","-0,39%"
"02/01/2017","1.536,00","1.536,00","1.536,00","1.536,00","0,14K","5,93%"
"30/12/2016","1.450,00","1.450,00","1.450,00","1.450,00","5,66K","3,57%"
"29/12/2016","1.400,00","1.400,00","1.400,00","1.400,00","0,13K","3,32%"
"23/12/2016","1.355,00","1.355,00","1.355,00","1.355,00","0,01K","-3,21%"
"19/12/2016","1.400,00","1.400,00","1.400,00","1.400,00","5,06K","3,32%"
"16/12/2016","1.355,00","1.355,00","1.355,00","1.355,00","0,00K","5,86%"
"30/11/2016","1.280,00","1.280,00","1.280,00","1.280,00","0,01K","0,00%"
"14/11/2016","1.280,00","1.280,00","1.280,00","1.280,00","0,03K","-4,33%"
"07/11/2016","1.338,00","1.338,00","1.338,00","1.338,00","0,00K","5,77%"
"03/11/2016","1.265,00","1.265,00","1.265,00","1.265,00","0,02K","0,00%"
"31/10/2016","1.265,00","1.265,00","1.265,00","1.265,00","0,05K","-5,24%"
"24/10/2016","1.335,00","1.335,00","1.335,00","1.335,00","0,00K","5,95%"
"21/10/2016","1.260,00","1.260,00","1.260,00","1.260,00","0,11K","2,86%"
"26/09/2016","1.225,00","1.225,00","1.225,00","1.225,00","0,00K","0,08%"
"12/08/2016","1.224,00","1.224,00","1.224,00","1.224,00","0,25K","-5,85%"
"28/07/2016","1.300,00","1.300,00","1.300,00","1.300,00","3,70K","2,36%"
"11/07/2016","1.270,00","1.270,00","1.270,00","1.270,00","0,01K","5,83%"
"04/07/2016","1.200,00","1.200,00","1.200,00","1.200,00","0,00K","0,00%"
"28/06/2016","1.200,00","1.200,00","1.200,00","1.200,00","0,07K","0,00%"
"22/06/2016","1.200,00","1.200,00","1.200,00","1.200,00","0,00K","-0,99%"
"03/06/2016","1.212,00","1.212,00","1.212,00","1.212,00","0,16K","-4,72%"
"20/05/2016","1.272,00","1.272,00","1.272,00","1.272,00","0,01K","-1,01%"
"19/05/2016","1.285,00","1.285,00","1.285,00","1.285,00","0,00K","0,08%"
"18/05/2016","1.284,00","1.284,00","1.284,00","1.284,00","0,00K","0,94%"
"13/05/2016","1.272,00","1.272,00","1.272,00","1.272,00","0,02K","0,00%"
"04/05/2016","1.272,00","1.270,00","1.272,00","1.270,00","0,09K","0,00%"
"28/04/2016","1.272,00","1.272,00","1.272,00","1.272,00","0,00K","6,00%"
"22/04/2016","1.200,00","1.200,00","1.200,00","1.200,00","0,04K","0,00%"
"19/04/2016","1.200,00","1.200,00","1.200,00","1.200,00","0,01K","0,00%"
"08/04/2016","1.200,00","1.200,00","1.200,00","1.200,00","0,01K","-4,00%"
"05/04/2016","1.250,00","1.250,00","1.250,00","1.250,00","0,00K","0,00%"
"04/04/2016","1.250,00","1.250,00","1.250,00","1.250,00","0,25K","3,82%"
"01/04/2016","1.204,00","1.204,00","1.204,00","1.204,00","0,06K","-5,94%"
"30/03/2016","1.280,00","1.280,00","1.280,00","1.280,00","0,05K","5,79%"
"29/03/2016","1.210,00","1.200,00","1.210,00","1.200,00","190,03K","3,42%"
"28/03/2016","1.170,00","1.151,00","1.170,00","1.151,00","0,16K","-3,31%"
"24/03/2016","1.210,00","1.210,00","1.210,00","1.210,00","0,00K","0,00%"
"23/03/2016","1.210,00","1.210,00","1.210,00","1.210,00","0,00K","2,63%"
"17/03/2016","1.179,00","1.179,00","1.179,00","1.179,00","0,00K","-1,75%"
"15/03/2016","1.200,00","1.200,00","1.200,00","1.200,00","0,00K","2,56%"
"14/03/2016","1.170,00","1.170,00","1.170,00","1.170,00","0,02K","-2,50%"
"02/03/2016","1.200,00","1.200,00","1.200,00","1.200,00","0,16K","0,00%"
"19/02/2016","1.200,00","1.200,00","1.200,00","1.200,00","2,00K","0,00%"
"10/02/2016","1.200,00","1.200,00","1.200,00","1.200,00","2,00K","-5,21%"
"03/02/2016","1.266,00","1.266,00","1.266,00","1.266,00","0,00K","5,50%"
"02/02/2016","1.200,00","1.200,00","1.200,00","1.200,00","1,94K","-3,30%"
"29/01/2016","1.241,00","1.241,00","1.241,00","1.241,00","0,03K","5,98%"
"25/01/2016","1.171,00","1.171,00","1.171,00","1.171,00","0,06K","-2,42%"
"22/01/2016","1.200,00","1.200,00","1.200,00","1.200,00","1,00K","2,56%"
"18/01/2016","1.170,00","1.170,00","1.170,00","1.170,00","0,01K","-4,88%"
"14/01/2016","1.230,00","1.230,00","1.230,00","1.230,00","0,00K","5,13%"
"13/01/2016","1.170,00","1.170,00","1.170,00","1.170,00","0,05K","-7,58%"
"30/12/2015","1.266,00","1.266,00","1.266,00","1.266,00","0,12K","5,94%"
"23/12/2015","1.195,00","1.195,00","1.195,00","1.195,00","0,01K","5,75%"
"22/12/2015","1.130,00","1.130,00","1.130,00","1.130,00","0,00K","5,12%"
"16/12/2015","1.075,00","1.075,00","1.075,00","1.075,00","0,01K","5,91%"
"11/12/2015","1.015,00","1.015,00","1.015,00","1.015,00","0,00K","3,78%"
"27/11/2015","978,00","978,00","978,00","978,00","0,00K","5,96%"
"26/11/2015","923,00","923,00","923,00","923,00","0,00K","5,97%"
"13/10/2015","871,00","871,00","871,00","871,00","0,00K","0,11%"
"15/09/2015","870,00","870,00","870,00","870,00","0,00K","0,00%"
"08/09/2015","870,00","870,00","870,00","870,00","0,02K","-3,33%"
"04/08/2015","900,00","900,00","900,00","900,00","0,00K","0,00%"
"03/08/2015","900,00","900,00","900,00","900,00","0,40K","-2,17%"
"27/07/2015","920,00","920,00","920,00","920,00","0,02K","0,00%"
"20/07/2015","920,00","920,00","920,00","920,00","0,01K","-3,16%"
"02/06/2015","950,00","950,00","950,00","950,00","10,00K","0,00%"
"01/06/2015","950,00","950,00","950,00","950,00","0,01K","0,00%"
"26/05/2015","950,00","950,00","950,00","950,00","20,00K","0,11%"
"22/05/2015","949,00","949,00","949,00","949,00","0,00K","6,03%"
"10/04/2015","895,00","895,00","895,00","895,00","0,01K","0,00%"
"25/03/2015","895,00","895,00","895,00","895,00","0,10K","-5,89%"
"19/03/2015","951,00","951,00","951,00","951,00","0,18K","-2,96%"
"18/03/2015","980,00","980,00","980,00","980,00","0,01K","3,05%"
"17/03/2015","951,00","951,00","951,00","951,00","0,02K","0,11%"
"16/03/2015","950,00","950,00","950,00","950,00","0,09K","-0,11%"
"12/03/2015","951,00","951,00","951,00","951,00","0,02K","0,53%"
"06/03/2015","946,00","946,00","946,00","946,00","0,00K","5,94%"
"02/03/2015","893,00","893,00","893,00","893,00","0,30K","-6,00%"
"27/02/2015","950,00","950,00","950,00","950,00","0,01K","0,00%"
"20/02/2015","950,00","954,00","954,00","950,00","0,10K","5,56%"
"13/02/2015","900,00","900,00","900,00","900,00","0,01K","-5,26%"
"06/02/2015","950,00","950,00","950,00","950,00","0,00K","3,26%"
"28/01/2015","920,00","920,00","920,00","920,00","0,00K","-5,74%"
"21/01/2015","976,00","976,00","976,00","976,00","0,05K","5,51%"
"09/01/2015","925,00","925,00","925,00","925,00","0,00K","12,39%"
"19/12/2014","823,00","823,00","823,00","823,00","0,09K","-5,84%"
"09/12/2014","874,00","874,00","874,00","874,00","0,01K","0,00%"
"28/11/2014","874,00","874,00","874,00","874,00","0,03K","0,00%"
"25/11/2014","874,00","874,00","874,00","874,00","0,00K","0,00%"
"20/11/2014","874,00","874,00","874,00","874,00","0,00K","0,00%"
"19/11/2014","874,00","874,00","874,00","874,00","0,01K","-0,11%"
"14/11/2014","875,00","875,00","875,00","875,00","17,60K","0,11%"
"10/11/2014","874,00","874,00","874,00","874,00","0,00K","5,30%"
"07/11/2014","830,00","830,00","830,00","830,00","0,01K","0,61%"
"27/10/2014","825,00","825,00","825,00","825,00","0,03K","-5,61%"
"19/09/2014","874,00","874,00","874,00","874,00","0,01K","5,94%"
"05/09/2014","825,00","825,00","825,00","825,00","0,02K","-3,62%"
"02/09/2014","856,00","856,00","856,00","856,00","0,01K","-11,48%"
"28/08/2014","967,00","967,00","967,00","967,00","0,11K","6,03%"
"27/08/2014","912,00","912,00","912,00","912,00","0,12K","0,00%"
"26/08/2014","912,00","912,00","912,00","912,00","0,01K","2,24%"
"25/08/2014","892,00","892,00","892,00","892,00","0,06K","5,56%"
"13/08/2014","845,00","845,00","845,00","845,00","0,15K","0,60%"
"08/08/2014","840,00","840,00","840,00","840,00","0,02K","-1,06%"
"09/06/2014","849,00","849,00","849,00","849,00","0,01K","-1,05%"
"21/05/2014","858,00","858,00","858,00","858,00","0,01K","4,13%"
"16/05/2014","824,00","824,00","824,00","824,00","0,00K","3,00%"
"05/05/2014","800,00","800,00","800,00","800,00","0,01K","0,00%"
"22/04/2014","800,00","800,00","800,00","800,00","0,01K","0,00%"
"17/04/2014","800,00","800,00","800,00","800,00","0,01K","-8,05%"
"07/04/2014","870,00","865,00","870,00","865,00","0,01K","5,45%"
"28/03/2014","825,00","825,00","825,00","825,00","0,01K","4,96%"
"21/03/2014","786,00","786,00","786,00","786,00","0,01K","4,80%"
"11/03/2014","750,00","750,00","750,00","750,00","0,09K","-10,71%"
"27/02/2014","840,00","840,00","840,00","840,00","0,01K","12,15%"
"10/02/2014","749,00","749,00","749,00","749,00","0,02K","0,00%"
"31/01/2014","749,00","749,00","749,00","749,00","0,00K","0,81%"
"28/01/2014","743,00","743,00","743,00","743,00","0,00K","5,99%"
"16/01/2014","701,00","701,00","701,00","701,00","0,03K","-16,55%"
"09/12/2013","840,00","840,00","840,00","840,00","1,00K","0,12%"
"06/12/2013","839,00","839,00","839,00","839,00","0,50K","4,88%"
"11/11/2013","800,00","800,00","800,00","800,00","0,22K","-3,61%"
"30/10/2013","830,00","830,00","830,00","830,00","0,02K","-3,49%"
"18/09/2013","860,00","860,00","860,00","860,00","0,09K","4,88%"
"02/09/2013","820,00","820,00","820,00","820,00","0,05K","0,00%"
"19/08/2013","820,00","761,00","820,00","761,00","0,07K","1,23%"
"15/08/2013","810,00","810,00","810,00","810,00","0,00K","-0,61%"
"13/08/2013","815,00","725,00","815,00","725,00","0,09K","5,71%"
"12/08/2013","771,00","771,00","771,00","771,00","0,00K","-5,98%"
"07/08/2013","820,00","820,00","820,00","820,00","0,02K","-2,38%"
"28/06/2013","840,00","840,00","840,00","840,00","0,01K","2,44%"
"20/06/2013","820,00","820,00","820,00","820,00","0,80K","-0,36%"
"23/05/2013","823,00","823,00","823,00","823,00","0,20K","0,00%"
"22/05/2013","823,00","823,00","823,00","823,00","0,40K","-0,12%"
"29/04/2013","824,00","824,00","824,00","824,00","0,05K","0,00%"
"12/04/2013","824,00","824,00","824,00","824,00","0,15K","6,05%"
"11/04/2013","777,00","777,00","777,00","777,00","0,00K","5,86%"
"10/04/2013","734,00","734,00","734,00","734,00","0,14K","-11,57%"
"01/03/2013","830,00","830,00","830,00","830,00","0,20K","3,75%"
"14/02/2013","800,00","800,00","800,00","800,00","0,13K","3,90%"
"08/02/2013","770,00","730,00","770,00","730,00","0,19K","5,48%"
"01/02/2013","730,00","730,00","730,00","730,00","0,00K","-0,95%"
"04/01/2013","737,00","737,00","737,00","737,00","0,04K","-0,14%"
"02/01/2013","738,00","750,00","750,00","738,00","0,08K","1,10%"
"31/12/2012","730,00","720,00","730,00","720,00","0,71K","5,95%"
"28/12/2012","689,00","689,00","689,00","689,00","0,07K","6,00%"
"27/12/2012","650,00","650,00","650,00","650,00","0,24K","5,86%"
"26/12/2012","614,00","600,00","614,00","600,00","0,21K","5,86%"
"25/12/2012","580,00","570,00","580,00","570,00","0,79K","5,26%"
"24/12/2012","551,00","551,00","551,00","551,00","0,41K","5,96%"
"21/12/2012","520,00","520,00","520,00","520,00","0,00K","-4,06%"
"20/12/2012","542,00","542,00","542,00","542,00","0,07K","5,45%"
"20/11/2012","514,00","514,00","514,00","514,00","0,00K","4,90%"
"08/10/2012","490,00","490,00","490,00","490,00","0,00K","5,83%"
"05/10/2012","463,00","463,00","463,00","463,00","0,00K","5,95%"
"17/08/2012","437,00","437,00","437,00","437,00","0,00K","-5,82%"
"10/07/2012","464,00","464,00","464,00","464,00","0,01K","-6,07%"
"09/07/2012","494,00","494,00","494,00","494,00","0,06K","-5,90%"
"18/06/2012","525,00","525,00","525,00","525,00","100,00K","0,00%"
"07/06/2012","525,00","525,00","525,00","525,00","0,02K","-1,50%"
"30/05/2012","533,00","533,00","533,00","533,00","0,03K","5,96%"
"29/05/2012","503,00","503,00","503,00","503,00","0,01K","5,89%"
"25/05/2012","475,00","476,00","476,00","475,00","0,01K","5,56%"
"24/05/2012","450,00","450,00","450,00","450,00","0,02K","4,65%"
"23/05/2012","430,00","430,00","430,00","430,00","0,04K","0,70%"
"22/05/2012","427,00","427,00","427,00","427,00","0,02K","5,96%"
"21/05/2012","403,00","403,00","403,00","403,00","0,01K","6,05%"
"11/05/2012","380,00","380,00","380,00","380,00","0,86K","-11,63%"
"09/05/2012","430,00","430,00","430,00","430,00","0,07K","-16,83%"
"02/05/2012","517,00","517,00","517,00","517,00","0,07K","-16,61%"
"19/04/2012","620,00","550,00","620,00","550,00","0,01K","5,98%"
"03/04/2012","585,00","585,00","585,00","585,00","0,00K","-0,68%"
"02/04/2012","589,00","589,00","589,00","589,00","0,00K","5,18%"
"28/03/2012","560,00","560,00","560,00","560,00","0,00K","-5,88%"
"22/03/2012","595,00","595,00","595,00","595,00","0,01K","5,87%"
"20/03/2012","562,00","562,00","562,00","562,00","0,00K","5,84%"
"16/03/2012","531,00","531,00","531,00","531,00","0,05K","-11,50%"
"29/02/2012","600,00","600,00","600,00","600,00","0,00K","-0,17%"
"23/02/2012","601,00","601,00","601,00","601,00","0,01K","0,17%"
"10/02/2012","600,00","600,00","600,00","600,00","0,01K","0,17%"
"09/02/2012","599,00","599,00","599,00","599,00","0,01K","4,90%"
"03/02/2012","571,00","571,00","571,00","571,00","0,00K","5,94%"
"31/01/2012","539,00","539,00","539,00","539,00","0,05K","-16,43%"
"25/01/2012","645,00","645,00","645,00","645,00","0,00K","0,00%"
"23/01/2012","645,00","645,00","645,00","645,00","0,00K","0,00%"
"13/12/2011","645,00","645,00","645,00","645,00","0,01K","-4,73%"
"09/12/2011","677,00","677,00","677,00","677,00","0,01K","0,00%"
"22/11/2011","677,00","677,00","677,00","677,00","0,00K","0,00%"
"09/11/2011","677,00","677,00","677,00","677,00","0,02K","-5,97%"
"26/10/2011","720,00","720,00","720,00","720,00","0,00K","1,41%"
"20/10/2011","710,00","710,00","710,00","710,00","0,04K","5,97%"
"10/10/2011","670,00","670,00","670,00","670,00","0,01K","6,01%"
"05/10/2011","632,00","632,00","632,00","632,00","0,02K","0,64%"
"04/10/2011","628,00","628,00","628,00","628,00","0,01K","12,14%"
"08/09/2011","560,00","540,00","560,00","540,00","0,00K","0,00%"
"25/08/2011","560,00","560,00","560,00","560,00","0,01K","0,36%"
"24/08/2011","558,00","558,00","558,00","558,00","0,01K","0,00%"
"23/08/2011","558,00","558,00","558,00","558,00","0,04K","-5,90%"
"10/08/2011","593,00","593,00","593,00","593,00","0,09K","-1,00%"
"09/08/2011","599,00","599,00","599,00","599,00","0,07K","-0,17%"
"05/08/2011","600,00","600,00","600,00","600,00","0,03K","-0,17%"
"03/08/2011","601,00","601,00","601,00","601,00","0,01K","0,17%"
"29/07/2011","600,00","600,00","600,00","600,00","0,00K","-1,64%"
"27/07/2011","610,00","610,00","610,00","610,00","0,01K","-3,17%"
"23/06/2011","630,00","630,00","630,00","630,00","0,01K","1,12%"
"15/06/2011","623,00","624,00","624,00","623,00","0,02K","-4,01%"
"14/06/2011","649,00","649,00","649,00","649,00","0,02K","0,15%"
"10/06/2011","648,00","650,00","650,00","648,00","0,05K","0,31%"
"09/06/2011","646,00","646,00","646,00","646,00","0,02K","-2,12%"
"08/06/2011","660,00","660,00","660,00","660,00","0,00K","2,33%"
"06/06/2011","645,00","645,00","645,00","645,00","0,00K","0,78%"
"02/06/2011","640,00","640,00","640,00","640,00","0,00K","-1,54%"
"27/05/2011","650,00","650,00","650,00","650,00","0,00K","1,56%"
"26/05/2011","640,00","640,00","640,00","640,00","0,01K","-1,84%"
"21/04/2011","652,00","652,00","652,00","652,00","0,00K","-5,51%"
"06/04/2011","690,00","690,00","690,00","690,00","31,46K","-1,43%"
"04/04/2011","700,00","700,00","700,00","700,00","0,04K","1,45%"
"31/03/2011","690,00","690,00","690,00","690,00","0,21K","2,53%"
"29/03/2011","673,00","673,00","673,00","673,00","0,00K","1,97%"
"28/03/2011","660,00","641,00","660,00","641,00","54,80K","3,94%"
"23/03/2011","635,00","635,00","635,00","635,00","3,47K","0,00%"
"22/02/2011","635,00","635,00","635,00","635,00","0,03K","-5,93%"
"15/02/2011","675,00","714,00","714,00","675,00","0,01K","0,00%"
"11/02/2011","675,00","675,00","675,00","675,00","0,01K","-5,59%"
"10/02/2011","715,00","715,00","715,00","715,00","0,00K","5,93%"
"09/02/2011","675,00","675,00","675,00","675,00","0,14K","-4,93%"
"07/02/2011","710,00","710,00","710,00","710,00","0,04K","5,97%"
"04/02/2011","670,00","670,00","670,00","670,00","0,20K","-5,63%"
"27/01/2011","710,00","710,00","710,00","710,00","0,01K","0,28%"
"25/01/2011","708,00","708,00","708,00","708,00","0,02K","5,99%"
"24/01/2011","668,00","665,00","668,00","665,00","0,02K","-5,52%"
"18/01/2011","707,00","707,00","707,00","707,00","0,05K","0,00%"
"14/01/2011","707,00","707,00","707,00","707,00","0,56K","-11,63%"
"10/01/2011","800,00","800,00","800,00","800,00","0,02K","-26,47%"
"03/01/2011","1.088,00","1.088,00","1.088,00","1.088,00","0,34K","-0,55%"
"31/12/2010","1.094,00","1.094,00","1.094,00","1.094,00","0,15K","18,91%"
"28/12/2010","920,00","920,00","920,00","920,00","0,08K","19,02%"
"23/12/2010","773,00","773,00","773,00","773,00","0,31K","18,92%"
"20/12/2010","650,00","650,00","650,00","650,00","0,09K","18,61%"
"15/12/2010","548,00","548,00","548,00","548,00","0,00K","-3,01%"
"06/12/2010","565,00","565,00","565,00","565,00","0,10K","0,00%"
"03/12/2010","565,00","584,00","584,00","565,00","0,01K","0,00%"
"01/12/2010","565,00","565,00","565,00","565,00","0,10K","5,41%"
"30/11/2010","536,00","536,00","536,00","536,00","0,01K","-5,63%"
"16/11/2010","568,00","568,00","568,00","568,00","0,01K","0,00%"
"12/11/2010","568,00","568,00","568,00","568,00","0,01K","5,97%"
"10/11/2010","536,00","536,00","536,00","536,00","0,07K","-5,96%"
"27/09/2010","570,00","570,00","570,00","570,00","0,01K","0,35%"
"23/09/2010","568,00","568,00","568,00","568,00","0,03K","0,00%"
"22/09/2010","568,00","568,00","568,00","568,00","0,09K","0,53%"
"20/09/2010","565,00","565,00","565,00","565,00","0,00K","0,00%"
"12/08/2010","565,00","565,00","565,00","565,00","0,01K","0,00%"
"09/08/2010","565,00","565,00","565,00","565,00","0,00K","0,00%"
"06/08/2010","565,00","565,00","565,00","565,00","0,00K","0,53%"
"03/08/2010","562,00","562,00","562,00","562,00","0,11K","0,00%"
"02/08/2010","562,00","562,00","562,00","562,00","0,02K","-2,77%"
"28/07/2010","578,00","578,00","578,00","578,00","0,00K","2,85%"
"12/07/2010","562,00","562,00","562,00","562,00","0,00K","1,26%"
"23/06/2010","555,00","555,00","555,00","555,00","0,02K","0,00%"
"21/06/2010","555,00","555,00","555,00","555,00","0,01K","0,00%"
"18/06/2010","555,00","555,00","555,00","555,00","0,00K","0,00%"
"17/06/2010","555,00","555,00","555,00","555,00","0,02K","0,00%"
"15/06/2010","555,00","555,00","555,00","555,00","0,00K","0,91%"
"04/06/2010","550,00","550,00","550,00","550,00","0,00K","-1,08%"
"03/06/2010","556,00","556,00","556,00","556,00","0,00K","1,09%"
"02/06/2010","550,00","550,00","550,00","550,00","0,00K","-0,90%"
"31/05/2010","555,00","555,00","555,00","555,00","0,02K","-1,77%"
"25/05/2010","565,00","565,00","565,00","565,00","0,00K","-2,59%"
"21/05/2010","580,00","580,00","580,00","580,00","0,00K","0,00%"
"20/05/2010","580,00","580,00","580,00","580,00","0,00K","5,26%"
"17/05/2010","551,00","550,00","551,00","550,00","0,08K","4,55%"
"14/05/2010","527,00","527,00","527,00","527,00","0,01K","-4,18%"
"13/05/2010","550,00","550,00","550,00","550,00","0,03K","0,18%"
"12/05/2010","549,00","549,00","549,00","549,00","0,00K","-0,18%"
"05/05/2010","550,00","550,00","550,00","550,00","0,20K","0,00%"
"04/05/2010","550,00","550,00","550,00","550,00","0,10K","0,00%"
"03/05/2010","550,00","550,00","550,00","550,00","0,04K","0,00%"
"30/04/2010","550,00","550,00","550,00","550,00","0,00K","0,00%"
"29/04/2010","550,00","550,00","550,00","550,00","0,02K","1,48%"
"28/04/2010","542,00","542,00","542,00","542,00","0,02K","1,88%"
"27/04/2010","532,00","532,00","532,00","532,00","0,47K","0,00%"
"26/04/2010","532,00","532,00","532,00","532,00","0,03K","0,00%"
"23/04/2010","532,00","532,00","532,00","532,00","0,02K","-0,75%"
"22/04/2010","536,00","536,00","536,00","520,00","0,13K","0,56%"
"21/04/2010","533,00","533,00","533,00","533,00","0,00K","3,90%"
"16/04/2010","513,00","513,00","513,00","513,00","0,05K","1,79%"
"08/04/2010","504,00","504,00","504,00","504,00","0,30K","-5,97%"
"02/04/2010","536,00","536,00","536,00","536,00","0,03K","0,00%"
"10/03/2010","536,00","536,00","536,00","536,00","0,00K","-5,96%"
"08/03/2010","570,00","536,00","570,00","536,00","0,01K","5,75%"
"02/03/2010","539,00","560,00","560,00","539,00","0,38K","-2,00%"
"01/03/2010","550,00","550,00","550,00","550,00","0,01K","-3,51%"
"26/02/2010","570,00","570,00","570,00","570,00","0,02K","5,56%"
"18/02/2010","540,00","540,00","540,00","540,00","0,02K","0,00%"
"16/02/2010","540,00","540,00","540,00","540,00","0,06K","3,85%"
"11/02/2010","520,00","520,00","520,00","520,00","0,30K","-4,76%"
"03/02/2010","546,00","546,00","546,00","546,00","0,01K","0,00%"
"21/01/2010","546,00","546,00","546,00","546,00","0,02K","0,00%"
"20/01/2010","546,00","546,00","546,00","546,00","0,02K","0,18%"
"15/01/2010","545,00","545,00","545,00","545,00","0,00K","-5,22%"
"24/11/2009","575,00","575,00","575,00","575,00","0,00K","0,88%"
"11/11/2009","570,00","570,00","570,00","570,00","0,05K","-5,47%"
"10/11/2009","603,00","603,00","603,00","603,00","0,01K","0,00%"
"05/11/2009","603,00","603,00","603,00","603,00","0,01K","0,00%"
"29/10/2009","603,00","601,00","603,00","601,00","0,03K","-5,63%"
"28/10/2009","639,00","639,00","639,00","639,00","0,00K","4,75%"
"27/10/2009","610,00","610,00","610,00","610,00","0,01K","-0,81%"
"26/10/2009","615,00","615,00","615,00","615,00","0,01K","0,00%"
"23/10/2009","615,00","615,00","615,00","615,00","0,00K","5,85%"
"22/10/2009","581,00","581,00","581,00","581,00","0,10K","-5,22%"
"21/10/2009","613,00","613,00","613,00","613,00","0,00K","-3,62%"
"09/10/2009","636,00","636,00","636,00","636,00","0,05K","-5,92%"
"15/09/2009","676,00","676,00","676,00","676,00","0,04K","-5,98%"
"14/09/2009","719,00","719,00","719,00","719,00","0,00K","4,35%"
"11/09/2009","689,00","689,00","689,00","689,00","0,00K","6,00%"
"10/09/2009","650,00","650,00","650,00","650,00","0,04K","-5,66%"
"04/08/2009","689,00","689,00","689,00","689,00","0,00K","0,00%"
"03/08/2009","689,00","689,00","689,00","689,00","0,01K","-5,87%"
"31/07/2009","732,00","732,00","732,00","732,00","0,03K","-1,48%"
"29/07/2009","743,00","743,00","743,00","743,00","0,08K","-5,95%"
"28/07/2009","790,00","764,00","790,00","721,00","0,02K","3,54%"
"27/07/2009","763,00","763,00","763,00","763,00","0,08K","5,97%"
"24/07/2009","720,00","720,00","720,00","720,00","0,03K","5,57%"
"23/07/2009","682,00","682,00","682,00","682,00","0,00K","5,90%"
"22/07/2009","644,00","644,00","644,00","644,00","0,02K","5,92%"
"20/07/2009","608,00","608,00","608,00","608,00","0,01K","0,33%"
"25/06/2009","606,00","606,00","606,00","606,00","0,02K","-16,41%"
"16/06/2009","725,00","725,00","725,00","725,00","0,00K","0,00%"
"12/06/2009","725,00","666,00","725,00","666,00","0,03K","2,84%"
"11/06/2009","705,00","705,00","705,00","705,00","0,04K","5,86%"
"10/06/2009","666,00","666,00","666,00","666,00","0,00K","0,00%"
"09/06/2009","666,00","666,00","666,00","666,00","0,04K","5,88%"
"08/06/2009","629,00","629,00","629,00","629,00","0,02K","3,28%"
"05/06/2009","609,00","609,00","609,00","609,00","0,01K","0,00%"
"04/06/2009","609,00","609,00","609,00","609,00","0,01K","0,00%"
"25/05/2009","609,00","609,00","609,00","609,00","0,01K","0,00%"
"22/05/2009","609,00","609,00","609,00","609,00","0,01K","5,91%"
"13/05/2009","575,00","575,00","575,00","575,00","0,03K","0,00%"
"12/05/2009","575,00","575,00","575,00","575,00","0,01K","0,00%"
"08/05/2009","575,00","575,00","575,00","575,00","0,00K","1,77%"
"30/04/2009","565,00","565,00","565,00","565,00","0,02K","0,36%"
"23/04/2009","563,00","563,00","563,00","563,00","0,22K","-2,09%"
"20/04/2009","575,00","575,00","575,00","575,00","0,00K","0,00%"
"17/04/2009","575,00","575,00","575,00","575,00","0,02K","-0,35%"
"10/04/2009","577,00","577,00","577,00","577,00","0,01K","-0,17%"
"09/04/2009","578,00","578,00","578,00","578,00","0,01K","5,28%"
"01/04/2009","549,00","549,00","549,00","549,00","0,12K","-5,99%"
"31/03/2009","584,00","584,00","584,00","584,00","0,00K","-5,96%"
"30/03/2009","621,00","621,00","621,00","621,00","0,00K","-5,91%"
"19/03/2009","660,00","657,00","660,00","657,00","0,01K","0,46%"
"18/03/2009","657,00","657,00","657,00","657,00","0,02K","-0,15%"
"17/03/2009","658,00","658,00","658,00","658,00","0,01K","-5,73%"
"16/03/2009","698,00","698,00","698,00","698,00","0,00K","5,76%"
"03/03/2009","660,00","660,00","660,00","660,00","0,01K","4,93%"
"27/02/2009","629,00","629,00","629,00","629,00","0,01K","1,13%"
"19/02/2009","622,00","622,00","622,00","622,00","0,13K","0,16%"
"13/02/2009","621,00","621,00","621,00","621,00","0,02K","-5,34%"
"03/02/2009","656,00","650,00","656,00","650,00","0,11K","5,98%"
"29/01/2009","619,00","619,00","619,00","619,00","0,01K","-5,78%"
"28/01/2009","657,00","657,00","657,00","657,00","0,02K","-5,87%"
"14/01/2009","698,00","698,00","698,00","698,00","0,00K","-0,14%"
"13/01/2009","699,00","699,00","699,00","699,00","0,03K","-5,92%"
"08/01/2009","743,00","743,00","743,00","743,00","0,03K","0,00%"
"04/12/2008","743,00","743,00","743,00","743,00","0,01K","-5,95%"
"02/12/2008","790,00","790,00","790,00","790,00","0,02K","-5,95%"
"29/10/2008","840,00","839,00","840,00","839,00","0,07K","-1,29%"
"04/09/2008","851,00","851,00","851,00","851,00","0,02K","-4,92%"
"03/09/2008","895,00","895,00","895,00","895,00","0,00K","13,15%"
"15/08/2008","791,00","791,00","791,00","791,00","0,02K","-12,11%"
"31/07/2008","900,00","900,00","900,00","900,00","0,01K","0,00%"
"15/07/2008","900,00","900,00","900,00","900,00","0,02K","-0,55%"
"17/06/2008","905,00","905,00","905,00","905,00","0,07K","0,00%"
"16/06/2008","905,00","905,00","905,00","905,00","0,07K","0,56%"
"09/06/2008","900,00","900,00","900,00","900,00","0,01K","-5,26%"
"28/05/2008","950,00","950,00","950,00","950,00","0,01K","-0,11%"
"26/05/2008","951,00","951,00","951,00","951,00","0,02K","0,11%"
"23/05/2008","950,00","950,00","950,00","950,00","0,00K","-5,38%"
"13/05/2008","1.004,00","1.004,00","1.004,00","1.004,00","0,00K","4,04%"
"29/04/2008","965,00","965,00","965,00","965,00","0,00K","1,58%"
"15/04/2008","950,00","950,00","950,00","950,00","0,02K","-0,31%"
"14/04/2008","953,00","953,00","953,00","953,00","0,01K","-5,92%"
"07/04/2008","1.013,00","1.013,00","1.013,00","1.013,00","0,00K","-5,94%"
"06/03/2008","1.077,00","1.050,00","1.077,00","1.050,00","0,09K","2,57%"
"05/03/2008","1.050,00","1.050,00","1.050,00","1.050,00","0,11K","5,00%"
"04/03/2008","1.000,00","1.050,00","1.050,00","1.000,00","0,16K","0,50%"
"14/02/2008","995,00","995,00","995,00","995,00","0,02K","-1,97%"
"04/02/2008","1.015,00","1.015,00","1.015,00","1.015,00","0,08K","-5,84%"
"30/01/2008","1.078,00","1.014,00","1.078,00","1.014,00","0,17K","0,00%"
"16/01/2008","1.078,00","1.080,00","1.080,00","1.078,00","0,30K","-0,19%"
"04/01/2008","1.080,00","1.080,00","1.080,00","1.080,00","0,02K","5,88%"
"02/01/2008","1.020,00","1.020,00","1.020,00","1.020,00","0,01K","0,10%"
"31/12/2007","1.019,00","1.019,00","1.019,00","1.019,00","0,22K","0,10%"
"28/12/2007","1.018,00","1.018,00","1.018,00","1.018,00","0,01K","0,00%"
"26/12/2007","1.018,00","1.017,00","1.018,00","1.017,00","0,70K","0,00%"
"25/12/2007","1.018,00","1.018,00","1.018,00","1.018,00","0,01K","-5,74%"
"24/12/2007","1.080,00","1.018,00","1.080,00","1.018,00","0,02K","5,88%"
"20/12/2007","1.020,00","1.020,00","1.020,00","1.020,00","0,05K","0,20%"
"18/12/2007","1.018,00","1.018,00","1.018,00","1.018,00","0,05K","0,10%"
"30/11/2007","1.017,00","1.017,00","1.017,00","1.017,00","0,04K","-0,49%"
"22/11/2007","1.022,00","1.022,00","1.022,00","1.022,00","0,06K","-0,68%"
"20/11/2007","1.029,00","1.029,00","1.029,00","1.029,00","0,02K","0,29%"
"19/11/2007","1.026,00","1.026,00","1.026,00","1.026,00","0,02K","0,39%"
"16/11/2007","1.022,00","1.148,00","1.148,00","1.022,00","0,10K","-0,20%"
"13/11/2007","1.024,00","1.024,00","1.024,00","1.024,00","0,01K","-2,48%"
"09/11/2007","1.050,00","1.100,00","1.100,00","1.050,00","0,02K","0,00%"
"07/11/2007","1.050,00","1.078,00","1.078,00","1.050,00","0,05K","3,24%"
"05/11/2007","1.017,00","1.017,00","1.017,00","1.017,00","0,15K","-5,92%"
"01/11/2007","1.081,00","1.081,00","1.081,00","1.081,00","0,05K","0,00%"
"31/10/2007","1.081,00","1.081,00","1.081,00","1.081,00","0,01K","-5,92%"
"19/10/2007","1.149,00","1.110,00","1.149,00","1.110,00","0,11K","-1,37%"
"04/10/2007","1.165,00","1.060,00","1.165,00","1.060,00","0,04K","4,95%"
"06/09/2007","1.110,00","1.110,00","1.110,00","1.110,00","0,07K","-0,98%"
"03/09/2007","1.121,00","1.121,00","1.121,00","1.121,00","0,02K","1,36%"
"29/08/2007","1.106,00","1.240,00","1.240,00","1.106,00","0,26K","-5,47%"
"28/08/2007","1.170,00","1.170,00","1.170,00","1.170,00","0,03K","5,31%"
"17/08/2007","1.111,00","1.111,00","1.111,00","1.111,00","0,01K","-5,20%"
"10/08/2007","1.172,00","1.110,00","1.172,00","1.110,00","0,03K","-0,34%"
"08/08/2007","1.176,00","1.176,00","1.176,00","1.176,00","0,01K","-0,34%"
"31/07/2007","1.180,00","1.180,00","1.180,00","1.180,00","0,00K","5,92%"
"26/07/2007","1.114,00","1.003,00","1.114,00","1.003,00","0,11K","-6,31%"
"18/07/2007","1.189,00","1.189,00","1.189,00","1.189,00","0,00K","-0,08%"
"17/07/2007","1.190,00","1.190,00","1.190,00","1.190,00","0,11K","18,88%"
"12/07/2007","1.001,00","1.001,00","1.001,00","1.001,00","0,05K","-15,88%"
"02/07/2007","1.190,00","1.190,00","1.190,00","1.190,00","0,01K","1,71%"
"28/06/2007","1.170,00","1.100,00","1.170,00","1.100,00","0,03K","4,19%"
"27/06/2007","1.123,00","1.123,00","1.123,00","1.123,00","0,02K","0,00%"
"26/06/2007","1.123,00","1.123,00","1.123,00","1.123,00","0,02K","-5,95%"
"25/06/2007","1.194,00","1.194,00","1.194,00","1.194,00","0,11K","-0,50%"
"20/06/2007","1.200,00","1.200,00","1.200,00","1.200,00","0,00K","3,90%"
"19/06/2007","1.155,00","1.155,00","1.155,00","1.155,00","0,00K","5,00%"
"18/06/2007","1.100,00","1.100,00","1.100,00","1.100,00","0,09K","0,00%"
"15/06/2007","1.100,00","1.100,00","1.100,00","1.100,00","0,03K","4,66%"
"14/06/2007","1.051,00","1.051,00","1.051,00","1.051,00","0,01K","-4,45%"
"13/06/2007","1.100,00","1.100,00","1.100,00","1.100,00","0,01K","4,76%"
"12/06/2007","1.050,00","1.050,00","1.050,00","1.050,00","0,00K","0,86%"
"11/06/2007","1.041,00","1.041,00","1.041,00","1.041,00","0,06K","-16,05%"
"05/06/2007","1.240,00","1.240,00","1.240,00","1.240,00","0,06K","0,00%"
"04/06/2007","1.240,00","1.240,00","1.240,00","1.240,00","0,01K","4,47%"
"01/06/2007","1.187,00","1.187,00","1.187,00","1.187,00","0,02K","5,98%"
"31/05/2007","1.120,00","1.120,00","1.120,00","1.120,00","0,03K","1,82%"
"30/05/2007","1.100,00","1.100,00","1.100,00","1.100,00","0,00K","5,67%"
"29/05/2007","1.041,00","1.041,00","1.041,00","1.041,00","0,01K","-12,52%"
"17/05/2007","1.190,00","1.190,00","1.190,00","1.190,00","0,02K","2,23%"
"16/05/2007","1.164,00","1.036,00","1.164,00","1.036,00","0,03K","5,82%"
"11/05/2007","1.100,00","1.100,00","1.100,00","1.100,00","0,00K","-1,79%"
"10/05/2007","1.120,00","1.120,00","1.120,00","1.120,00","0,07K","-10,40%"
"09/05/2007","1.250,00","1.250,00","1.250,00","1.250,00","0,06K","0,00%"
"08/05/2007","1.250,00","1.250,00","1.250,00","1.250,00","0,08K","3,65%"
"07/05/2007","1.206,00","1.206,00","1.206,00","1.206,00","0,06K","0,00%"
"04/05/2007","1.206,00","1.206,00","1.206,00","1.206,00","0,07K","0,00%"
"03/05/2007","1.206,00","1.206,00","1.206,00","1.206,00","0,29K","5,98%"
"02/05/2007","1.138,00","1.138,00","1.138,00","1.138,00","0,00K","0,26%"
"30/04/2007","1.135,00","1.135,00","1.135,00","1.135,00","0,09K","0,44%"
"27/04/2007","1.130,00","1.190,00","1.190,00","1.130,00","0,01K","-5,75%"
"26/04/2007","1.199,00","1.199,00","1.199,00","1.199,00","0,01K","-4,08%"
"23/04/2007","1.250,00","1.250,00","1.250,00","1.250,00","0,00K","0,00%"
"19/04/2007","1.250,00","1.250,00","1.250,00","1.250,00","0,10K","0,08%"
"18/04/2007","1.249,00","1.249,00","1.249,00","1.249,00","0,06K","10,53%"
"16/04/2007","1.130,00","1.130,00","1.130,00","1.130,00","0,00K","2,63%"
"13/04/2007","1.101,00","1.101,00","1.101,00","1.101,00","0,17K","0,00%"
"12/04/2007","1.101,00","1.101,00","1.101,00","1.101,00","0,08K","2,80%"
"11/04/2007","1.071,00","1.071,00","1.071,00","1.071,00","0,12K","6,04%"
"23/03/2007","1.010,00","1.010,00","1.010,00","1.010,00","0,00K","-1,66%"
"20/03/2007","1.027,00","1.027,00","1.027,00","1.027,00","0,03K","-5,95%"
"19/03/2007","1.092,00","1.092,00","1.092,00","1.092,00","0,05K","-0,82%"
"16/03/2007","1.101,00","1.101,00","1.101,00","1.101,00","0,01K","1,66%"
"15/03/2007","1.083,00","1.023,00","1.083,00","1.023,00","0,07K","5,97%"
"14/03/2007","1.022,00","1.022,00","1.022,00","1.022,00","0,03K","-5,55%"
"09/03/2007","1.082,00","1.082,00","1.082,00","1.082,00","0,03K","-0,09%"
"08/03/2007","1.083,00","1.083,00","1.083,00","1.083,00","0,07K","4,64%"
"07/03/2007","1.035,00","1.035,00","1.035,00","1.035,00","0,00K","0,00%"
"23/02/2007","1.035,00","1.035,00","1.035,00","1.035,00","0,01K","-5,57%"
"21/02/2007","1.096,00","1.096,00","1.096,00","1.096,00","0,01K","5,89%"
"13/02/2007","1.035,00","1.035,00","1.035,00","1.035,00","0,27K","-5,99%"
"19/01/2007","1.101,00","1.101,00","1.101,00","1.101,00","0,00K","9,33%"
"10/01/2007","1.007,00","1.007,00","1.007,00","1.007,00","0,08K","-4,37%"
"09/01/2007","1.053,00","1.053,00","1.053,00","1.053,00","0,01K","-16,82%"
"03/01/2007","1.266,00","1.266,00","1.266,00","1.266,00","0,05K","11,25%"
"29/12/2006","1.138,00","1.138,00","1.138,00","1.138,00","0,62K","1,70%"
"28/12/2006","1.119,00","1.119,00","1.119,00","1.119,00","0,02K","11,79%"
"26/12/2006","1.001,00","1.001,00","1.001,00","1.001,00","0,00K","33,47%"
"19/12/2006","750,00","750,00","750,00","750,00","0,02K","-5,90%"
"18/12/2006","797,00","797,00","797,00","797,00","0,02K","-16,81%"
"13/12/2006","958,00","958,00","958,00","958,00","0,18K","-21,73%"
"28/11/2006","1.224,00","1.156,00","1.224,00","1.156,00","0,12K","-6,06%"
"23/11/2006","1.303,00","1.303,00","1.303,00","1.303,00","0,01K","0,00%"
"22/11/2006","1.303,00","1.303,00","1.303,00","1.303,00","0,02K","5,17%"
"21/11/2006","1.239,00","1.239,00","1.239,00","1.239,00","0,02K","5,54%"
"20/11/2006","1.174,00","1.174,00","1.174,00","1.174,00","0,29K","6,15%"
"15/11/2006","1.106,00","1.073,00","1.106,00","1.073,00","0,18K","-7,53%"
"13/11/2006","1.196,00","1.196,00","1.196,00","1.196,00","0,09K","0,00%"
"09/11/2006","1.196,00","1.193,00","1.196,00","1.193,00","0,02K","3,46%"
"08/11/2006","1.156,00","1.156,00","1.156,00","1.156,00","0,38K","5,76%"
"03/11/2006","1.093,00","1.093,00","1.093,00","1.093,00","0,01K","6,01%"
"23/10/2006","1.031,00","1.031,00","1.031,00","1.031,00","0,11K","18,92%"
"10/10/2006","867,00","867,00","867,00","867,00","0,58K","5,99%"
"03/10/2006","818,00","818,00","818,00","818,00","0,02K","41,28%"
"25/09/2006","579,00","579,00","579,00","579,00","0,01K","25,60%"
"31/08/2006","461,00","461,00","461,00","461,00","0,03K","-5,34%"
"23/08/2006","487,00","487,00","487,00","487,00","0,03K","-6,35%"
"19/07/2006","520,00","520,00","520,00","520,00","0,02K","-5,45%"
"11/07/2006","550,00","550,00","550,00","550,00","0,00K","0,00%"
"30/06/2006","550,00","550,00","550,00","550,00","0,54K","0,00%"
"21/06/2006","550,00","550,00","550,00","550,00","0,03K","0,18%"
"31/03/2006","549,00","549,00","549,00","549,00","0,03K","-0,36%"
"03/03/2006","551,00","551,00","551,00","551,00","0,03K","0,00%"
"28/02/2006","551,00","551,00","551,00","551,00","0,01K","0,00%"
"22/02/2006","551,00","551,00","551,00","551,00","0,02K","0,00%"
"17/02/2006","551,00","551,00","551,00","551,00","0,06K","0,00%"
"15/02/2006","551,00","551,00","551,00","551,00","0,06K","0,00%"
"30/12/2005","551,00","551,00","551,00","551,00","2,17K","0,00%"
"29/12/2005","551,00","551,00","551,00","551,00","0,66K","0,00%"
"28/12/2005","551,00","551,00","551,00","551,00","0,54K","0,18%"
"27/12/2005","550,00","550,00","550,00","550,00","0,56K","0,00%"
"23/12/2005","550,00","550,00","550,00","550,00","0,54K","0,00%"
"22/12/2005","550,00","550,00","550,00","550,00","0,00K","0,00%"
"19/12/2005","550,00","550,00","550,00","550,00","0,06K","0,00%"
"16/12/2005","550,00","550,00","550,00","550,00","0,20K","0,00%"
"14/12/2005","550,00","550,00","550,00","550,00","0,43K","0,00%"
"13/12/2005","550,00","550,00","550,00","550,00","0,05K","0,00%"
"09/12/2005","550,00","550,00","550,00","550,00","0,07K","0,00%"
"23/11/2005","550,00","550,00","550,00","550,00","1,35K","0,00%"
"27/10/2005","550,00","550,00","550,00","550,00","0,02K","0,00%"
"18/10/2005","550,00","550,00","550,00","550,00","0,05K","0,00%"
"12/10/2005","550,00","550,00","550,00","550,00","0,04K","0,00%"
"14/09/2005","550,00","550,00","550,00","550,00","0,33K","0,00%"
"06/09/2005","550,00","550,00","550,00","550,00","0,05K","0,00%"
"02/09/2005","550,00","550,00","550,00","550,00","0,65K","0,00%"
"01/09/2005","550,00","550,00","550,00","550,00","0,02K","0,00%"
"31/08/2005","550,00","550,00","550,00","550,00","0,03K","0,00%"
"30/08/2005","550,00","550,00","550,00","550,00","0,03K","0,18%"
"19/08/2005","549,00","549,00","549,00","549,00","0,03K","-0,18%"
"20/07/2005","550,00","550,00","550,00","550,00","0,01K","0,00%"
"15/07/2005","550,00","550,00","550,00","550,00","0,04K","0,00%"
"10/06/2005","550,00","550,00","550,00","550,00","0,01K","-0,18%"
"17/05/2005","551,00","551,00","551,00","551,00","0,32K","0,00%"
"13/05/2005","551,00","551,00","551,00","551,00","0,03K","0,00%"
"25/04/2005","551,00","551,00","551,00","551,00","0,00K","0,00%"
"13/04/2005","551,00","551,00","551,00","551,00","0,37K","0,00%"
"28/03/2005","551,00","551,00","551,00","551,00","0,04K","0,00%"
"23/03/2005","551,00","551,00","551,00","551,00","0,14K","0,00%"
"09/03/2005","551,00","551,00","551,00","551,00","0,27K","0,00%"
"04/03/2005","551,00","551,00","551,00","551,00","0,02K","0,00%"
"17/02/2005","551,00","551,00","551,00","551,00","0,29K","0,18%"
"31/12/2004","550,00","550,00","550,00","550,00","0,04K","0,00%"
"21/12/2004","550,00","550,00","550,00","550,00","0,03K","0,00%"
"20/12/2004","550,00","550,00","550,00","550,00","0,14K","2,80%"
"17/12/2004","535,00","535,00","535,00","535,00","0,36K","0,00%"
"16/12/2004","535,00","535,00","535,00","535,00","0,49K","5,31%"
"01/12/2004","508,00","508,00","508,00","508,00","0,08K","1,80%"
"26/11/2004","499,00","499,00","499,00","499,00","0,05K","0,00%"
"25/11/2004","499,00","499,00","499,00","499,00","0,16K","0,00%"
"23/11/2004","499,00","499,00","499,00","499,00","0,04K","0,00%"
"22/11/2004","499,00","499,00","499,00","499,00","0,33K","-1,77%"
"17/11/2004","508,00","508,00","508,00","508,00","0,27K","0,00%"
"11/11/2004","508,00","508,00","508,00","508,00","0,33K","1,80%"
"05/11/2004","499,00","499,00","499,00","499,00","0,27K","0,00%"
"28/10/2004","499,00","499,00","499,00","499,00","0,65K","0,00%"
"27/10/2004","499,00","499,00","499,00","499,00","0,11K","0,00%"
"26/10/2004","499,00","499,00","499,00","499,00","0,06K","0,00%"
"13/10/2004","499,00","499,00","499,00","499,00","0,27K","0,00%"
"08/10/2004","499,00","499,00","499,00","499,00","0,16K","5,94%"
"29/09/2004","471,00","471,00","471,00","471,00","0,17K","-5,61%"
"24/08/2004","499,00","499,00","499,00","499,00","0,30K","0,00%"
"18/08/2004","499,00","499,00","499,00","499,00","0,32K","5,94%"
"13/08/2004","471,00","471,00","471,00","471,00","0,33K","0,00%"
"09/08/2004","471,00","471,00","471,00","471,00","0,03K","-1,88%"
"02/08/2004","480,00","480,00","480,00","480,00","0,06K","0,00%"
"22/07/2004","480,00","480,00","480,00","480,00","0,03K","0,00%"
"09/07/2004","480,00","480,00","480,00","480,00","0,03K","0,00%"
"06/07/2004","480,00","480,00","480,00","480,00","0,24K","0,00%"
"05/07/2004","480,00","480,00","480,00","480,00","1,31K","0,00%"
"02/07/2004","480,00","480,00","480,00","480,00","0,23K","0,00%"
"01/07/2004","480,00","480,00","480,00","480,00","0,33K","5,96%"
"30/06/2004","453,00","453,00","453,00","453,00","1,61K","5,84%"
"29/06/2004","428,00","428,00","428,00","428,00","0,65K","5,42%"
"16/06/2004","406,00","406,00","406,00","406,00","0,20K","0,00%"
"14/06/2004","406,00","406,00","406,00","406,00","1,63K","-11,55%"
"08/06/2004","459,00","459,00","459,00","459,00","0,01K","5,76%"
"04/06/2004","434,00","434,00","434,00","434,00","0,02K","3,58%"
"21/05/2004","419,00","419,00","419,00","419,00","0,16K","5,28%"
"13/05/2004","398,00","398,00","398,00","398,00","0,03K","-9,55%"
"11/05/2004","440,00","440,00","440,00","440,00","0,26K","0,69%"
"07/05/2004","437,00","437,00","437,00","437,00","0,16K","0,00%"
"26/04/2004","437,00","437,00","437,00","437,00","0,03K","0,92%"
"07/04/2004","433,00","433,00","433,00","433,00","2,94K","0,00%"
"16/03/2004","433,00","433,00","433,00","433,00","0,07K","1,17%"
"27/02/2004","428,00","428,00","428,00","428,00","0,10K","0,47%"
"20/01/2004","426,00","426,00","426,00","426,00","0,14K","-11,62%"
"15/01/2004","482,00","482,00","482,00","482,00","0,03K","6,17%"
"14/01/2004","454,00","454,00","454,00","454,00","0,02K","-11,67%"
"08/01/2004","514,00","514,00","514,00","514,00","0,30K","0,00%"
"31/12/2003","514,00","514,00","514,00","514,00","0,16K","5,76%"
"30/12/2003","486,00","486,00","486,00","486,00","0,36K","4,52%"
"29/12/2003","465,00","465,00","465,00","465,00","0,05K","1,97%"
"26/12/2003","456,00","456,00","456,00","456,00","0,14K","0,00%"
"25/12/2003","456,00","456,00","456,00","456,00","0,05K","2,93%"
"24/12/2003","443,00","443,00","443,00","443,00","0,34K","2,07%"
"23/12/2003","434,00","434,00","434,00","434,00","0,24K","5,08%"
"19/12/2003","413,00","413,00","413,00","413,00","1,30K","-2,13%"
"16/12/2003","422,00","422,00","422,00","422,00","0,12K","4,46%"
"08/12/2003","404,00","404,00","404,00","404,00","0,06K","0,00%"
"05/12/2003","404,00","404,00","404,00","404,00","0,03K","-5,61%"
"04/12/2003","428,00","428,00","428,00","428,00","0,27K","0,00%"
"01/12/2003","428,00","428,00","428,00","428,00","0,17K","0,71%"
"28/11/2003","425,00","425,00","425,00","425,00","0,02K","-0,70%"
"17/11/2003","428,00","428,00","428,00","428,00","0,04K","0,00%"
"14/11/2003","428,00","428,00","428,00","428,00","0,03K","0,00%"
"13/11/2003","428,00","428,00","428,00","428,00","0,10K","1,42%"
"12/11/2003","422,00","422,00","422,00","422,00","0,05K","4,46%"
"05/11/2003","404,00","404,00","404,00","404,00","0,03K","4,94%"
"29/10/2003","385,00","385,00","385,00","385,00","0,03K","0,00%"
"22/10/2003","385,00","385,00","385,00","385,00","0,02K","-6,10%"
"16/10/2003","410,00","410,00","410,00","410,00","0,02K","0,00%"
"15/10/2003","410,00","410,00","410,00","410,00","0,01K","-1,44%"
"07/10/2003","416,00","416,00","416,00","416,00","0,02K","-2,80%"
"06/10/2003","428,00","428,00","428,00","428,00","0,03K","4,39%"
"02/10/2003","410,00","410,00","410,00","410,00","0,61K","0,00%"
"29/09/2003","410,00","410,00","410,00","410,00","0,03K","3,02%"
"26/09/2003","398,00","398,00","398,00","398,00","0,08K","5,01%"
"25/09/2003","379,00","379,00","379,00","379,00","0,47K","0,00%"
"24/09/2003","379,00","379,00","379,00","379,00","0,28K","3,27%"
"19/09/2003","367,00","367,00","367,00","367,00","0,46K","0,55%"
"18/09/2003","365,00","365,00","365,00","365,00","0,39K","3,69%"
"15/09/2003","352,00","352,00","352,00","352,00","0,31K","2,62%"
"11/09/2003","343,00","343,00","343,00","343,00","0,03K","5,86%"
"10/09/2003","324,00","324,00","324,00","324,00","0,67K","5,88%"
"09/09/2003","306,00","306,00","306,00","306,00","0,56K","-11,30%"
"05/09/2003","345,00","345,00","345,00","345,00","0,02K","-5,99%"
"22/08/2003","367,00","367,00","367,00","367,00","0,10K","5,76%"
"19/08/2003","347,00","347,00","347,00","347,00","0,13K","3,27%"
"07/08/2003","336,00","336,00","336,00","336,00","0,39K","3,70%"
"06/08/2003","324,00","324,00","324,00","324,00","0,02K","0,00%"
"05/08/2003","324,00","324,00","324,00","324,00","1,65K","0,00%"
"29/07/2003","324,00","324,00","324,00","324,00","0,00K","0,00%"
"28/07/2003","324,00","324,00","324,00","324,00","0,19K","5,88%"
"11/07/2003","306,00","306,00","306,00","306,00","1,14K","5,15%"
"07/07/2003","291,00","291,00","291,00","291,00","0,02K","-4,90%"
"03/07/2003","306,00","306,00","306,00","306,00","3,27K","5,15%"
"24/06/2003","291,00","291,00","291,00","291,00","0,05K","-4,90%"
"20/06/2003","306,00","306,00","306,00","306,00","1,63K","0,00%"
"13/06/2003","306,00","306,00","306,00","306,00","0,99K","-1,92%"
"11/06/2003","312,00","312,00","312,00","312,00","0,57K","5,76%"
"06/06/2003","295,00","295,00","295,00","295,00","0,02K","3,87%"
"21/05/2003","284,00","284,00","284,00","284,00","0,33K","-11,53%"
"15/04/2003","321,00","321,00","321,00","321,00","0,03K","0,00%"
"08/04/2003","321,00","321,00","321,00","321,00","0,18K","3,22%"
"18/03/2003","311,00","311,00","311,00","311,00","0,27K","-5,76%"
"11/02/2003","330,00","330,00","330,00","330,00","0,23K","0,92%"
"23/01/2003","327,00","327,00","327,00","327,00","0,05K","-16,37%"
"31/12/2002","391,00","391,00","391,00","391,00","1,63K","0,00%"
"30/12/2002","391,00","391,00","391,00","391,00","0,29K","0,77%"
"27/12/2002","388,00","388,00","388,00","388,00","0,33K","1,31%"
"25/12/2002","383,00","383,00","383,00","383,00","0,49K","6,09%"
"24/12/2002","361,00","361,00","361,00","361,00","1,63K","5,87%"
"23/12/2002","341,00","341,00","341,00","341,00","0,03K","5,90%"
"16/12/2002","322,00","322,00","322,00","322,00","0,02K","-6,12%"
"11/12/2002","343,00","343,00","343,00","343,00","0,05K","-4,99%"
"10/12/2002","361,00","361,00","361,00","361,00","0,01K","-5,99%"
"22/11/2002","384,00","384,00","384,00","384,00","0,65K","0,00%"
"20/11/2002","384,00","384,00","384,00","384,00","2,34K","-1,03%"
"19/11/2002","388,00","388,00","388,00","388,00","0,33K","1,57%"
"08/11/2002","382,00","382,00","382,00","382,00","1,54K","0,00%"
"05/11/2002","382,00","382,00","382,00","382,00","0,02K","0,79%"
"24/10/2002","379,00","379,00","379,00","379,00","0,33K","-3,56%"
"22/10/2002","393,00","393,00","393,00","393,00","0,02K","5,93%"
"21/10/2002","371,00","371,00","371,00","371,00","0,43K","-5,84%"
"17/10/2002","394,00","394,00","394,00","394,00","0,18K","-0,25%"
"16/10/2002","395,00","395,00","395,00","395,00","0,07K","0,00%"
"15/10/2002","395,00","395,00","395,00","395,00","0,08K","5,90%"
"10/10/2002","373,00","373,00","373,00","373,00","0,82K","5,97%"
"08/10/2002","352,00","352,00","352,00","352,00","0,02K","4,76%"
"27/09/2002","336,00","336,00","336,00","336,00","0,29K","0,00%"
"24/09/2002","336,00","336,00","336,00","336,00","0,33K","1,82%"
"20/09/2002","330,00","330,00","330,00","330,00","0,12K","0,00%"
"18/09/2002","330,00","330,00","330,00","330,00","0,07K","0,00%"
"17/09/2002","330,00","330,00","330,00","330,00","0,16K","0,00%"
"13/09/2002","330,00","330,00","330,00","330,00","0,04K","0,00%"
"11/09/2002","330,00","330,00","330,00","330,00","0,49K","-3,79%"
"02/09/2002","343,00","343,00","343,00","343,00","0,07K","0,00%"
"30/08/2002","343,00","343,00","343,00","343,00","0,12K","5,86%"
"29/08/2002","324,00","324,00","324,00","324,00","0,07K","5,88%"
"15/08/2002","306,00","306,00","306,00","306,00","0,03K","4,79%"
"26/07/2002","292,00","292,00","292,00","292,00","0,02K","6,18%"
"19/07/2002","275,00","275,00","275,00","275,00","0,13K","-0,36%"
"17/07/2002","276,00","276,00","276,00","276,00","0,00K","0,00%"
"16/07/2002","276,00","276,00","276,00","276,00","0,02K","-2,47%"
"15/07/2002","283,00","283,00","283,00","283,00","0,33K","-7,82%"
"03/07/2002","307,00","307,00","307,00","307,00","0,02K","-5,25%"
"02/07/2002","324,00","324,00","324,00","324,00","0,06K","-6,09%"
"01/07/2002","345,00","345,00","345,00","345,00","0,01K","-5,99%"
"14/06/2002","367,00","367,00","367,00","367,00","0,03K","-3,93%"
"12/06/2002","382,00","382,00","382,00","382,00","0,07K","0,00%"
"31/05/2002","382,00","382,00","382,00","382,00","0,11K","-3,78%"
"29/05/2002","397,00","397,00","397,00","397,00","0,01K","3,93%"
"24/05/2002","382,00","382,00","382,00","382,00","0,36K","0,00%"
"22/05/2002","382,00","382,00","382,00","382,00","0,20K","0,00%"
"21/05/2002","382,00","382,00","382,00","382,00","0,09K","0,00%"
"16/05/2002","382,00","382,00","382,00","382,00","0,06K","0,00%"
"15/05/2002","382,00","382,00","382,00","382,00","0,01K","-4,02%"
"14/05/2002","398,00","398,00","398,00","398,00","0,66K","0,00%"
"10/05/2002","398,00","398,00","398,00","398,00","0,27K","4,19%"
"09/05/2002","382,00","382,00","382,00","382,00","0,36K","0,00%"
"06/05/2002","382,00","382,00","382,00","382,00","0,06K","0,00%"
"03/05/2002","382,00","382,00","382,00","382,00","0,12K","-0,26%"
"30/04/2002","383,00","383,00","383,00","383,00","0,41K","0,26%"
"26/04/2002","382,00","382,00","382,00","382,00","0,75K","0,00%"
"18/04/2002","382,00","382,00","382,00","382,00","0,02K","0,00%"
"17/04/2002","382,00","382,00","382,00","382,00","0,33K","0,00%"
"16/04/2002","382,00","382,00","382,00","382,00","0,14K","1,60%"
"12/04/2002","376,00","376,00","376,00","376,00","0,03K","-0,79%"
"11/04/2002","379,00","379,00","379,00","379,00","0,27K","-5,49%"
"10/04/2002","401,00","401,00","401,00","401,00","4,50K","4,97%"
"09/04/2002","382,00","382,00","382,00","382,00","0,27K","4,09%"
"08/04/2002","367,00","367,00","367,00","367,00","0,09K","1,94%"
"05/04/2002","360,00","360,00","360,00","360,00","0,52K","4,35%"
"04/04/2002","345,00","345,00","345,00","345,00","0,02K","5,83%"
"03/04/2002","326,00","326,00","326,00","326,00","1,80K","0,00%"
"02/04/2002","326,00","326,00","326,00","326,00","0,03K","6,19%"
"29/03/2002","307,00","307,00","307,00","307,00","0,16K","-5,25%"
"28/03/2002","324,00","324,00","324,00","324,00","0,13K","0,00%"
"27/03/2002","324,00","324,00","324,00","324,00","0,33K","0,00%"
"26/03/2002","324,00","324,00","324,00","324,00","0,46K","5,88%"
"25/03/2002","306,00","306,00","306,00","306,00","0,02K","-6,13%"
"18/03/2002","326,00","326,00","326,00","326,00","0,10K","-5,78%"
"15/03/2002","346,00","346,00","346,00","346,00","0,09K","-3,89%"
"13/03/2002","360,00","360,00","360,00","360,00","0,46K","-1,91%"
"08/03/2002","367,00","367,00","367,00","367,00","0,08K","1,94%"
"07/03/2002","360,00","360,00","360,00","360,00","0,00K","6,19%"
"26/02/2002","339,00","339,00","339,00","339,00","0,02K","0,00%"
"20/02/2002","339,00","339,00","339,00","339,00","0,02K","0,30%"
"18/02/2002","338,00","338,00","338,00","338,00","0,14K","-5,32%"
"12/02/2002","357,00","357,00","357,00","357,00","0,10K","6,25%"
"07/02/2002","336,00","336,00","336,00","336,00","0,93K","0,30%"
"06/02/2002","335,00","335,00","335,00","335,00","0,23K","-5,90%"
"05/02/2002","356,00","356,00","356,00","356,00","1,98K","-6,07%"
"04/02/2002","379,00","379,00","379,00","379,00","0,25K","-5,72%"
"01/02/2002","402,00","402,00","402,00","402,00","1,10K","-6,07%"
"31/01/2002","428,00","428,00","428,00","428,00","0,37K","-1,38%"
"30/01/2002","434,00","434,00","434,00","434,00","3,83K","0,00%"
"29/01/2002","434,00","434,00","434,00","434,00","4,85K","0,93%"
"28/01/2002","430,00","430,00","430,00","430,00","6,78K","0,47%"
"25/01/2002","428,00","428,00","428,00","428,00","6,71K","0,71%"
"24/01/2002","425,00","425,00","425,00","425,00","6,99K","4,17%"
"23/01/2002","408,00","408,00","408,00","408,00","4,44K","4,88%"
"22/01/2002","389,00","389,00","389,00","389,00","3,77K","5,99%"
"21/01/2002","367,00","367,00","367,00","367,00","5,86K","0,55%"
"18/01/2002","365,00","365,00","365,00","365,00","8,32K","6,10%"
"17/01/2002","344,00","344,00","344,00","344,00","1,45K","4,88%"
"16/01/2002","328,00","328,00","328,00","328,00","0,98K","19,27%"
"09/01/2002","275,00","275,00","275,00","275,00","0,01K","-5,82%"
"08/01/2002","292,00","292,00","292,00","292,00","0,02K","5,80%"
"07/01/2002","276,00","276,00","276,00","276,00","0,96K","-5,80%"
"03/01/2002","293,00","293,00","293,00","293,00","0,07K","-16,76%"
"28/12/2001","352,00","352,00","352,00","352,00","23,68K","6,02%"
"27/12/2001","332,00","332,00","332,00","332,00","23,07K","5,73%"
"26/12/2001","314,00","314,00","314,00","314,00","6,79K","6,08%"
"25/12/2001","296,00","296,00","296,00","296,00","12,70K","5,71%"
"24/12/2001","280,00","280,00","280,00","280,00","3,23K","6,06%"
"21/12/2001","264,00","264,00","264,00","264,00","1,04K","6,02%"
"20/12/2001","249,00","249,00","249,00","249,00","0,03K","0,00%"
"14/12/2001","249,00","249,00","249,00","249,00","0,21K","0,81%"
"13/12/2001","247,00","247,00","247,00","247,00","1,16K","-6,08%"
"12/12/2001","263,00","263,00","263,00","263,00","1,77K","-0,38%"
"11/12/2001","264,00","264,00","264,00","264,00","1,00K","18,92%"
"06/12/2001","222,00","222,00","222,00","222,00","0,20K","18,72%"
"30/11/2001","187,00","187,00","187,00","187,00","0,15K","0,00%"
"29/11/2001","187,00","187,00","187,00","187,00","0,20K","0,00%"
"23/11/2001","187,00","187,00","187,00","187,00","0,36K","0,54%"
"22/11/2001","186,00","186,00","186,00","186,00","0,20K","1,64%"
"14/11/2001","183,00","183,00","183,00","183,00","0,02K","2,81%"
"13/11/2001","178,00","178,00","178,00","178,00","0,02K","0,56%"
"12/11/2001","177,00","177,00","177,00","177,00","0,65K","-3,28%"
"09/11/2001","183,00","183,00","183,00","183,00","0,69K","0,00%"
"02/11/2001","183,00","183,00","183,00","183,00","3,54K","0,00%"
"01/11/2001","183,00","183,00","183,00","183,00","2,27K","-1,08%"
"29/10/2001","185,00","185,00","185,00","185,00","3,27K","0,00%"
"26/10/2001","185,00","185,00","185,00","185,00","0,03K","0,00%"
"25/10/2001","185,00","185,00","185,00","185,00","0,11K","-4,64%"
"23/10/2001","194,00","194,00","194,00","194,00","0,31K","-2,51%"
"11/10/2001","199,00","199,00","199,00","199,00","0,06K","-0,50%"
"10/10/2001","200,00","200,00","200,00","200,00","0,07K","0,50%"
"09/10/2001","199,00","199,00","199,00","199,00","0,03K","-1,49%"
"04/10/2001","202,00","202,00","202,00","202,00","0,27K","-4,27%"
"28/09/2001","211,00","211,00","211,00","211,00","","0,48%"
"26/09/2001","210,00","210,00","210,00","210,00","","0,00%"
"24/09/2001","210,00","210,00","210,00","210,00","","-4,55%"
"21/09/2001","220,00","220,00","220,00","220,00","","-5,17%"
"13/09/2001","232,00","232,00","232,00","232,00","","0,00%"
"11/09/2001","232,00","232,00","232,00","232,00","","0,87%"
"07/09/2001","230,00","230,00","230,00","230,00","","-4,56%"
"30/08/2001","241,00","241,00","241,00","241,00","","5,24%"
"24/08/2001","229,00","229,00","229,00","229,00","","5,53%"
"16/08/2001","217,00","217,00","217,00","217,00","","-2,25%"
"15/08/2001","222,00","222,00","222,00","222,00","","-0,89%"
"13/08/2001","224,00","224,00","224,00","224,00","","-11,46%"
"08/08/2001","253,00","253,00","253,00","253,00","","5,42%"
"07/08/2001","240,00","240,00","240,00","240,00","","6,19%"
"26/07/2001","226,00","226,00","226,00","226,00","","-3,83%"
"25/07/2001","235,00","235,00","235,00","235,00","","-6,00%"
"18/07/2001","250,00","250,00","250,00","250,00","","6,38%"
"13/07/2001","235,00","235,00","235,00","235,00","","0,00%"
"06/07/2001","235,00","235,00","235,00","235,00","","0,00%"
"04/07/2001","235,00","235,00","235,00","235,00","","3,07%"
"29/06/2001","228,00","228,00","228,00","228,00","","-2,98%"
"28/06/2001","235,00","235,00","235,00","235,00","","-2,89%"
"25/06/2001","242,00","242,00","242,00","242,00","","-5,84%"
"12/06/2001","257,00","257,00","257,00","257,00","","0,00%"
"11/06/2001","257,00","257,00","257,00","257,00","","-0,39%"
"08/06/2001","258,00","258,00","258,00","258,00","","-0,39%"
"30/05/2001","259,00","259,00","259,00","259,00","","0,78%"
"25/05/2001","257,00","257,00","257,00","257,00","","-3,38%"
"24/05/2001","266,00","266,00","266,00","266,00","","-4,32%"
"18/05/2001","278,00","278,00","278,00","278,00","","-3,14%"
"15/05/2001","287,00","287,00","287,00","287,00","","3,99%"
"14/05/2001","276,00","276,00","276,00","276,00","","-0,36%"
"10/05/2001","277,00","277,00","277,00","277,00","","-0,36%"
"09/05/2001","278,00","278,00","278,00","278,00","","0,00%"
"07/05/2001","278,00","278,00","278,00","278,00","","-4,47%"
"04/05/2001","291,00","291,00","291,00","291,00","","-1,36%"
"03/05/2001","295,00","295,00","295,00","295,00","","6,12%"
"02/05/2001","278,00","278,00","278,00","278,00","","-1,77%"
"30/04/2001","283,00","283,00","283,00","283,00","","0,00%"
"27/04/2001","283,00","283,00","283,00","283,00","","-2,75%"
"26/04/2001","291,00","291,00","291,00","291,00","","-2,35%"
"23/04/2001","298,00","298,00","298,00","298,00","","-1,32%"
"20/04/2001","302,00","302,00","302,00","302,00","","-1,31%"
"18/04/2001","306,00","306,00","306,00","306,00","","3,38%"
"17/04/2001","296,00","296,00","296,00","296,00","","2,07%"
"16/04/2001","290,00","290,00","290,00","290,00","","5,45%"
"12/04/2001","275,00","275,00","275,00","275,00","","0,36%"
"11/04/2001","274,00","274,00","274,00","274,00","","-3,52%"
"10/04/2001","284,00","284,00","284,00","284,00","","4,03%"
"09/04/2001","273,00","273,00","273,00","273,00","","0,00%"
"06/04/2001","273,00","273,00","273,00","273,00","","-8,08%"
"04/04/2001","297,00","297,00","297,00","297,00","","4,58%"
"03/04/2001","284,00","284,00","284,00","284,00","","0,00%"
"02/04/2001","284,00","284,00","284,00","284,00","","-4,05%"
"26/03/2001","296,00","296,00","296,00","296,00","","-0,34%"
"23/03/2001","297,00","297,00","297,00","297,00","","-1,00%"
"22/03/2001","300,00","300,00","300,00","300,00","","-0,33%"
"19/03/2001","301,00","301,00","301,00","301,00","","4,88%"
"16/03/2001","287,00","287,00","287,00","287,00","","1,41%"
"14/03/2001","283,00","283,00","283,00","283,00","","0,71%"
"12/03/2001","281,00","281,00","281,00","281,00","","-5,39%"
"08/03/2001","297,00","297,00","297,00","297,00","","0,34%"
"02/03/2001","296,00","296,00","296,00","296,00","","1,72%"
"01/03/2001","291,00","291,00","291,00","291,00","","-2,02%"
"28/02/2001","297,00","297,00","297,00","297,00","","-2,30%"
"27/02/2001","304,00","304,00","304,00","304,00","","-2,88%"
"26/02/2001","313,00","313,00","313,00","313,00","","5,03%"
"23/02/2001","298,00","298,00","298,00","298,00","","0,34%"
"22/02/2001","297,00","297,00","297,00","297,00","","0,00%"
"21/02/2001","297,00","297,00","297,00","297,00","","5,32%"
"20/02/2001","282,00","282,00","282,00","282,00","","2,55%"
"19/02/2001","275,00","275,00","275,00","275,00","","2,23%"
"16/02/2001","269,00","269,00","269,00","269,00","","4,26%"
"15/02/2001","258,00","258,00","258,00","258,00","","5,31%"
"14/02/2001","245,00","245,00","245,00","245,00","","4,70%"
"09/02/2001","234,00","234,00","234,00","234,00","","3,54%"
"06/02/2001","226,00","226,00","226,00","226,00","","-0,44%"
"05/02/2001","227,00","227,00","227,00","227,00","","0,44%"
"31/01/2001","226,00","226,00","226,00","226,00","","-0,44%"
"29/01/2001","227,00","227,00","227,00","227,00","","0,44%"
"26/01/2001","226,00","226,00","226,00","226,00","","5,61%"
"24/01/2001","214,00","214,00","214,00","214,00","","-2,28%"
"19/01/2001","219,00","219,00","219,00","219,00","","-10,61%"
"15/01/2001","245,00","245,00","245,00","245,00","","0,00%"
"12/01/2001","245,00","245,00","245,00","245,00","","-1,21%"
"05/01/2001","248,00","248,00","248,00","248,00","0,27K","-35,58%"